num,output
0,0
1,1
2,2
3,3
4,4
5,5
6,6
7,7
8,8
9,9
10,9
11,11
12,12
13,13
14,14
15,15
16,16
17,17
18,18
19,19
20,19
21,19
22,22
23,23
24,24
25,25
26,26
27,27
28,28
29,29
30,29
31,29
32,29
33,33
34,34
35,35
36,36
37,37
38,38
39,39
40,39
41,39
42,39
43,39
44,44
45,45
46,46
47,47
48,48
49,49
50,49
51,49
52,49
53,49
54,49
55,55
56,56
57,57
58,58
59,59
60,59
61,59
62,59
63,59
64,59
65,59
66,66
67,67
68,68
69,69
70,69
71,69
72,69
73,69
74,69
75,69
76,69
77,77
78,78
79,79
80,79
81,79
82,79
83,79
84,79
85,79
86,79
87,79
88,88
89,89
90,89
91,89
92,89
93,89
94,89
95,89
96,89
97,89
98,89
99,99
100,99
101,99
102,99
103,99
104,99
105,99
106,99
107,99
108,99
109,99
110,99
111,111
112,112
113,113
114,114
115,115
116,116
117,117
118,118
119,119
120,119
121,119
122,122
123,123
124,124
125,125
126,126
127,127
128,128
129,129
130,129
131,129
132,129
133,133
134,134
135,135
136,136
137,137
138,138
139,139
140,139
141,139
142,139
143,139
144,144
145,145
146,146
147,147
148,148
149,149
150,149
151,149
152,149
153,149
154,149
155,155
156,156
157,157
158,158
159,159
160,159
161,159
162,159
163,159
164,159
165,159
166,166
167,167
168,168
169,169
170,169
171,169
172,169
173,169
174,169
175,169
176,169
177,177
178,178
179,179
180,179
181,179
182,179
183,179
184,179
185,179
186,179
187,179
188,188
189,189
190,189
191,189
192,189
193,189
194,189
195,189
196,189
197,189
198,189
199,199
200,199
201,199
202,199
203,199
204,199
205,199
206,199
207,199
208,199
209,199
210,199
211,199
212,199
213,199
214,199
215,199
216,199
217,199
218,199
219,199
220,199
221,199
222,222
223,223
224,224
225,225
226,226
227,227
228,228
229,229
230,229
231,229
232,229
233,233
234,234
235,235
236,236
237,237
238,238
239,239
240,239
241,239
242,239
243,239
244,244
245,245
246,246
247,247
248,248
249,249
250,249
251,249
252,249
253,249
254,249
255,255
256,256
257,257
258,258
259,259
260,259
261,259
262,259
263,259
264,259
265,259
266,266
267,267
268,268
269,269
270,269
271,269
272,269
273,269
274,269
275,269
276,269
277,277
278,278
279,279
280,279
281,279
282,279
283,279
284,279
285,279
286,279
287,279
288,288
289,289
290,289
291,289
292,289
293,289
294,289
295,289
296,289
297,289
298,289
299,299
300,299
301,299
302,299
303,299
304,299
305,299
306,299
307,299
308,299
309,299
310,299
311,299
312,299
313,299
314,299
315,299
316,299
317,299
318,299
319,299
320,299
321,299
322,299
323,299
324,299
325,299
326,299
327,299
328,299
329,299
330,299
331,299
332,299
333,333
334,334
335,335
336,336
337,337
338,338
339,339
340,339
341,339
342,339
343,339
344,344
345,345
346,346
347,347
348,348
349,349
350,349
351,349
352,349
353,349
354,349
355,355
356,356
357,357
358,358
359,359
360,359
361,359
362,359
363,359
364,359
365,359
366,366
367,367
368,368
369,369
370,369
371,369
372,369
373,369
374,369
375,369
376,369
377,377
378,378
379,379
380,379
381,379
382,379
383,379
384,379
385,379
386,379
387,379
388,388
389,389
390,389
391,389
392,389
393,389
394,389
395,389
396,389
397,389
398,389
399,399
400,399
401,399
402,399
403,399
404,399
405,399
406,399
407,399
408,399
409,399
410,399
411,399
412,399
413,399
414,399
415,399
416,399
417,399
418,399
419,399
420,399
421,399
422,399
423,399
424,399
425,399
426,399
427,399
428,399
429,399
430,399
431,399
432,399
433,399
434,399
435,399
436,399
437,399
438,399
439,399
440,399
441,399
442,399
443,399
444,444
445,445
446,446
447,447
448,448
449,449
450,449
451,449
452,449
453,449
454,449
455,455
456,456
457,457
458,458
459,459
460,459
461,459
462,459
463,459
464,459
465,459
466,466
467,467
468,468
469,469
470,469
471,469
472,469
473,469
474,469
475,469
476,469
477,477
478,478
479,479
480,479
481,479
482,479
483,479
484,479
485,479
486,479
487,479
488,488
489,489
490,489
491,489
492,489
493,489
494,489
495,489
496,489
497,489
498,489
499,499
500,499
501,499
502,499
503,499
504,499
505,499
506,499
507,499
508,499
509,499
510,499
511,499
512,499
513,499
514,499
515,499
516,499
517,499
518,499
519,499
520,499
521,499
522,499
523,499
524,499
525,499
526,499
527,499
528,499
529,499
530,499
531,499
532,499
533,499
534,499
535,499
536,499
537,499
538,499
539,499
540,499
541,499
542,499
543,499
544,499
545,499
546,499
547,499
548,499
549,499
550,499
551,499
552,499
553,499
554,499
555,555
556,556
557,557
558,558
559,559
560,559
561,559
562,559
563,559
564,559
565,559
566,566
567,567
568,568
569,569
570,569
571,569
572,569
573,569
574,569
575,569
576,569
577,577
578,578
579,579
580,579
581,579
582,579
583,579
584,579
585,579
586,579
587,579
588,588
589,589
590,589
591,589
592,589
593,589
594,589
595,589
596,589
597,589
598,589
599,599
600,599
601,599
602,599
603,599
604,599
605,599
606,599
607,599
608,599
609,599
610,599
611,599
612,599
613,599
614,599
615,599
616,599
617,599
618,599
619,599
620,599
621,599
622,599
623,599
624,599
625,599
626,599
627,599
628,599
629,599
630,599
631,599
632,599
633,599
634,599
635,599
636,599
637,599
638,599
639,599
640,599
641,599
642,599
643,599
644,599
645,599
646,599
647,599
648,599
649,599
650,599
651,599
652,599
653,599
654,599
655,599
656,599
657,599
658,599
659,599
660,599
661,599
662,599
663,599
664,599
665,599
666,666
667,667
668,668
669,669
670,669
671,669
672,669
673,669
674,669
675,669
676,669
677,677
678,678
679,679
680,679
681,679
682,679
683,679
684,679
685,679
686,679
687,679
688,688
689,689
690,689
691,689
692,689
693,689
694,689
695,689
696,689
697,689
698,689
699,699
700,699
701,699
702,699
703,699
704,699
705,699
706,699
707,699
708,699
709,699
710,699
711,699
712,699
713,699
714,699
715,699
716,699
717,699
718,699
719,699
720,699
721,699
722,699
723,699
724,699
725,699
726,699
727,699
728,699
729,699
730,699
731,699
732,699
733,699
734,699
735,699
736,699
737,699
738,699
739,699
740,699
741,699
742,699
743,699
744,699
745,699
746,699
747,699
748,699
749,699
750,699
751,699
752,699
753,699
754,699
755,699
756,699
757,699
758,699
759,699
760,699
761,699
762,699
763,699
764,699
765,699
766,699
767,699
768,699
769,699
770,699
771,699
772,699
773,699
774,699
775,699
776,699
777,777
778,778
779,779
780,779
781,779
782,779
783,779
784,779
785,779
786,779
787,779
788,788
789,789
790,789
791,789
792,789
793,789
794,789
795,789
796,789
797,789
798,789
799,799
800,799
801,799
802,799
803,799
804,799
805,799
806,799
807,799
808,799
809,799
810,799
811,799
812,799
813,799
814,799
815,799
816,799
817,799
818,799
819,799
820,799
821,799
822,799
823,799
824,799
825,799
826,799
827,799
828,799
829,799
830,799
831,799
832,799
833,799
834,799
835,799
836,799
837,799
838,799
839,799
840,799
841,799
842,799
843,799
844,799
845,799
846,799
847,799
848,799
849,799
850,799
851,799
852,799
853,799
854,799
855,799
856,799
857,799
858,799
859,799
860,799
861,799
862,799
863,799
864,799
865,799
866,799
867,799
868,799
869,799
870,799
871,799
872,799
873,799
874,799
875,799
876,799
877,799
878,799
879,799
880,799
881,799
882,799
883,799
884,799
885,799
886,799
887,799
888,888
889,889
890,889
891,889
892,889
893,889
894,889
895,889
896,889
897,889
898,889
899,899
900,899
901,899
902,899
903,899
904,899
905,899
906,899
907,899
908,899
909,899
910,899
911,899
912,899
913,899
914,899
915,899
916,899
917,899
918,899
919,899
920,899
921,899
922,899
923,899
924,899
925,899
926,899
927,899
928,899
929,899
930,899
931,899
932,899
933,899
934,899
935,899
936,899
937,899
938,899
939,899
940,899
941,899
942,899
943,899
944,899
945,899
946,899
947,899
948,899
949,899
950,899
951,899
952,899
953,899
954,899
955,899
956,899
957,899
958,899
959,899
960,899
961,899
962,899
963,899
964,899
965,899
966,899
967,899
968,899
969,899
970,899
971,899
972,899
973,899
974,899
975,899
976,899
977,899
978,899
979,899
980,899
981,899
982,899
983,899
984,899
985,899
986,899
987,899
988,899
989,899
990,899
991,899
992,899
993,899
994,899
995,899
996,899
997,899
998,899
999,999
1000,999
1001,999
1002,999
1003,999
1004,999
1005,999
1006,999
1007,999
1008,999
1009,999
1010,999
1011,999
1012,999
1013,999
1014,999
1015,999
1016,999
1017,999
1018,999
1019,999
1020,999
1021,999
1022,999
1023,999
1024,999
1025,999
1026,999
1027,999
1028,999
1029,999
1030,999
1031,999
1032,999
1033,999
1034,999
1035,999
1036,999
1037,999
1038,999
1039,999
1040,999
1041,999
1042,999
1043,999
1044,999
1045,999
1046,999
1047,999
1048,999
1049,999
1050,999
1051,999
1052,999
1053,999
1054,999
1055,999
1056,999
1057,999
1058,999
1059,999
1060,999
1061,999
1062,999
1063,999
1064,999
1065,999
1066,999
1067,999
1068,999
1069,999
1070,999
1071,999
1072,999
1073,999
1074,999
1075,999
1076,999
1077,999
1078,999
1079,999
1080,999
1081,999
1082,999
1083,999
1084,999
1085,999
1086,999
1087,999
1088,999
1089,999
1090,999
1091,999
1092,999
1093,999
1094,999
1095,999
1096,999
1097,999
1098,999
1099,999
1100,999
1101,999
1102,999
1103,999
1104,999
1105,999
1106,999
1107,999
1108,999
1109,999
1110,999
1111,1111
1112,1112
1113,1113
1114,1114
1115,1115
1116,1116
1117,1117
1118,1118
1119,1119
1120,1119
1121,1119
1122,1122
1123,1123
1124,1124
1125,1125
1126,1126
1127,1127
1128,1128
1129,1129
1130,1129
1131,1129
1132,1129
1133,1133
1134,1134
1135,1135
1136,1136
1137,1137
1138,1138
1139,1139
1140,1139
1141,1139
1142,1139
1143,1139
1144,1144
1145,1145
1146,1146
1147,1147
1148,1148
1149,1149
1150,1149
1151,1149
1152,1149
1153,1149
1154,1149
1155,1155
1156,1156
1157,1157
1158,1158
1159,1159
1160,1159
1161,1159
1162,1159
1163,1159
1164,1159
1165,1159
1166,1166
1167,1167
1168,1168
1169,1169
1170,1169
1171,1169
1172,1169
1173,1169
1174,1169
1175,1169
1176,1169
1177,1177
1178,1178
1179,1179
1180,1179
1181,1179
1182,1179
1183,1179
1184,1179
1185,1179
1186,1179
1187,1179
1188,1188
1189,1189
1190,1189
1191,1189
1192,1189
1193,1189
1194,1189
1195,1189
1196,1189
1197,1189
1198,1189
1199,1199
1200,1199
1201,1199
1202,1199
1203,1199
1204,1199
1205,1199
1206,1199
1207,1199
1208,1199
1209,1199
1210,1199
1211,1199
1212,1199
1213,1199
1214,1199
1215,1199
1216,1199
1217,1199
1218,1199
1219,1199
1220,1199
1221,1199
1222,1222
1223,1223
1224,1224
1225,1225
1226,1226
1227,1227
1228,1228
1229,1229
1230,1229
1231,1229
1232,1229
1233,1233
1234,1234
1235,1235
1236,1236
1237,1237
1238,1238
1239,1239
1240,1239
1241,1239
1242,1239
1243,1239
1244,1244
1245,1245
1246,1246
1247,1247
1248,1248
1249,1249
1250,1249
1251,1249
1252,1249
1253,1249
1254,1249
1255,1255
1256,1256
1257,1257
1258,1258
1259,1259
1260,1259
1261,1259
1262,1259
1263,1259
1264,1259
1265,1259
1266,1266
1267,1267
1268,1268
1269,1269
1270,1269
1271,1269
1272,1269
1273,1269
1274,1269
1275,1269
1276,1269
1277,1277
1278,1278
1279,1279
1280,1279
1281,1279
1282,1279
1283,1279
1284,1279
1285,1279
1286,1279
1287,1279
1288,1288
1289,1289
1290,1289
1291,1289
1292,1289
1293,1289
1294,1289
1295,1289
1296,1289
1297,1289
1298,1289
1299,1299
1300,1299
1301,1299
1302,1299
1303,1299
1304,1299
1305,1299
1306,1299
1307,1299
1308,1299
1309,1299
1310,1299
1311,1299
1312,1299
1313,1299
1314,1299
1315,1299
1316,1299
1317,1299
1318,1299
1319,1299
1320,1299
1321,1299
1322,1299
1323,1299
1324,1299
1325,1299
1326,1299
1327,1299
1328,1299
1329,1299
1330,1299
1331,1299
1332,1299
1333,1333
1334,1334
1335,1335
1336,1336
1337,1337
1338,1338
1339,1339
1340,1339
1341,1339
1342,1339
1343,1339
1344,1344
1345,1345
1346,1346
1347,1347
1348,1348
1349,1349
1350,1349
1351,1349
1352,1349
1353,1349
1354,1349
1355,1355
1356,1356
1357,1357
1358,1358
1359,1359
1360,1359
1361,1359
1362,1359
1363,1359
1364,1359
1365,1359
1366,1366
1367,1367
1368,1368
1369,1369
1370,1369
1371,1369
1372,1369
1373,1369
1374,1369
1375,1369
1376,1369
1377,1377
1378,1378
1379,1379
1380,1379
1381,1379
1382,1379
1383,1379
1384,1379
1385,1379
1386,1379
1387,1379
1388,1388
1389,1389
1390,1389
1391,1389
1392,1389
1393,1389
1394,1389
1395,1389
1396,1389
1397,1389
1398,1389
1399,1399
1400,1399
1401,1399
1402,1399
1403,1399
1404,1399
1405,1399
1406,1399
1407,1399
1408,1399
1409,1399
1410,1399
1411,1399
1412,1399
1413,1399
1414,1399
1415,1399
1416,1399
1417,1399
1418,1399
1419,1399
1420,1399
1421,1399
1422,1399
1423,1399
1424,1399
1425,1399
1426,1399
1427,1399
1428,1399
1429,1399
1430,1399
1431,1399
1432,1399
1433,1399
1434,1399
1435,1399
1436,1399
1437,1399
1438,1399
1439,1399
1440,1399
1441,1399
1442,1399
1443,1399
1444,1444
1445,1445
1446,1446
1447,1447
1448,1448
1449,1449
1450,1449
1451,1449
1452,1449
1453,1449
1454,1449
1455,1455
1456,1456
1457,1457
1458,1458
1459,1459
1460,1459
1461,1459
1462,1459
1463,1459
1464,1459
1465,1459
1466,1466
1467,1467
1468,1468
1469,1469
1470,1469
1471,1469
1472,1469
1473,1469
1474,1469
1475,1469
1476,1469
1477,1477
1478,1478
1479,1479
1480,1479
1481,1479
1482,1479
1483,1479
1484,1479
1485,1479
1486,1479
1487,1479
1488,1488
1489,1489
1490,1489
1491,1489
1492,1489
1493,1489
1494,1489
1495,1489
1496,1489
1497,1489
1498,1489
1499,1499
1500,1499
1501,1499
1502,1499
1503,1499
1504,1499
1505,1499
1506,1499
1507,1499
1508,1499
1509,1499
1510,1499
1511,1499
1512,1499
1513,1499
1514,1499
1515,1499
1516,1499
1517,1499
1518,1499
1519,1499
1520,1499
1521,1499
1522,1499
1523,1499
1524,1499
1525,1499
1526,1499
1527,1499
1528,1499
1529,1499
1530,1499
1531,1499
1532,1499
1533,1499
1534,1499
1535,1499
1536,1499
1537,1499
1538,1499
1539,1499
1540,1499
1541,1499
1542,1499
1543,1499
1544,1499
1545,1499
1546,1499
1547,1499
1548,1499
1549,1499
1550,1499
1551,1499
1552,1499
1553,1499
1554,1499
1555,1555
1556,1556
1557,1557
1558,1558
1559,1559
1560,1559
1561,1559
1562,1559
1563,1559
1564,1559
1565,1559
1566,1566
1567,1567
1568,1568
1569,1569
1570,1569
1571,1569
1572,1569
1573,1569
1574,1569
1575,1569
1576,1569
1577,1577
1578,1578
1579,1579
1580,1579
1581,1579
1582,1579
1583,1579
1584,1579
1585,1579
1586,1579
1587,1579
1588,1588
1589,1589
1590,1589
1591,1589
1592,1589
1593,1589
1594,1589
1595,1589
1596,1589
1597,1589
1598,1589
1599,1599
1600,1599
1601,1599
1602,1599
1603,1599
1604,1599
1605,1599
1606,1599
1607,1599
1608,1599
1609,1599
1610,1599
1611,1599
1612,1599
1613,1599
1614,1599
1615,1599
1616,1599
1617,1599
1618,1599
1619,1599
1620,1599
1621,1599
1622,1599
1623,1599
1624,1599
1625,1599
1626,1599
1627,1599
1628,1599
1629,1599
1630,1599
1631,1599
1632,1599
1633,1599
1634,1599
1635,1599
1636,1599
1637,1599
1638,1599
1639,1599
1640,1599
1641,1599
1642,1599
1643,1599
1644,1599
1645,1599
1646,1599
1647,1599
1648,1599
1649,1599
1650,1599
1651,1599
1652,1599
1653,1599
1654,1599
1655,1599
1656,1599
1657,1599
1658,1599
1659,1599
1660,1599
1661,1599
1662,1599
1663,1599
1664,1599
1665,1599
1666,1666
1667,1667
1668,1668
1669,1669
1670,1669
1671,1669
1672,1669
1673,1669
1674,1669
1675,1669
1676,1669
1677,1677
1678,1678
1679,1679
1680,1679
1681,1679
1682,1679
1683,1679
1684,1679
1685,1679
1686,1679
1687,1679
1688,1688
1689,1689
1690,1689
1691,1689
1692,1689
1693,1689
1694,1689
1695,1689
1696,1689
1697,1689
1698,1689
1699,1699
1700,1699
1701,1699
1702,1699
1703,1699
1704,1699
1705,1699
1706,1699
1707,1699
1708,1699
1709,1699
1710,1699
1711,1699
1712,1699
1713,1699
1714,1699
1715,1699
1716,1699
1717,1699
1718,1699
1719,1699
1720,1699
1721,1699
1722,1699
1723,1699
1724,1699
1725,1699
1726,1699
1727,1699
1728,1699
1729,1699
1730,1699
1731,1699
1732,1699
1733,1699
1734,1699
1735,1699
1736,1699
1737,1699
1738,1699
1739,1699
1740,1699
1741,1699
1742,1699
1743,1699
1744,1699
1745,1699
1746,1699
1747,1699
1748,1699
1749,1699
1750,1699
1751,1699
1752,1699
1753,1699
1754,1699
1755,1699
1756,1699
1757,1699
1758,1699
1759,1699
1760,1699
1761,1699
1762,1699
1763,1699
1764,1699
1765,1699
1766,1699
1767,1699
1768,1699
1769,1699
1770,1699
1771,1699
1772,1699
1773,1699
1774,1699
1775,1699
1776,1699
1777,1777
1778,1778
1779,1779
1780,1779
1781,1779
1782,1779
1783,1779
1784,1779
1785,1779
1786,1779
1787,1779
1788,1788
1789,1789
1790,1789
1791,1789
1792,1789
1793,1789
1794,1789
1795,1789
1796,1789
1797,1789
1798,1789
1799,1799
1800,1799
1801,1799
1802,1799
1803,1799
1804,1799
1805,1799
1806,1799
1807,1799
1808,1799
1809,1799
1810,1799
1811,1799
1812,1799
1813,1799
1814,1799
1815,1799
1816,1799
1817,1799
1818,1799
1819,1799
1820,1799
1821,1799
1822,1799
1823,1799
1824,1799
1825,1799
1826,1799
1827,1799
1828,1799
1829,1799
1830,1799
1831,1799
1832,1799
1833,1799
1834,1799
1835,1799
1836,1799
1837,1799
1838,1799
1839,1799
1840,1799
1841,1799
1842,1799
1843,1799
1844,1799
1845,1799
1846,1799
1847,1799
1848,1799
1849,1799
1850,1799
1851,1799
1852,1799
1853,1799
1854,1799
1855,1799
1856,1799
1857,1799
1858,1799
1859,1799
1860,1799
1861,1799
1862,1799
1863,1799
1864,1799
1865,1799
1866,1799
1867,1799
1868,1799
1869,1799
1870,1799
1871,1799
1872,1799
1873,1799
1874,1799
1875,1799
1876,1799
1877,1799
1878,1799
1879,1799
1880,1799
1881,1799
1882,1799
1883,1799
1884,1799
1885,1799
1886,1799
1887,1799
1888,1888
1889,1889
1890,1889
1891,1889
1892,1889
1893,1889
1894,1889
1895,1889
1896,1889
1897,1889
1898,1889
1899,1899
1900,1899
1901,1899
1902,1899
1903,1899
1904,1899
1905,1899
1906,1899
1907,1899
1908,1899
1909,1899
1910,1899
1911,1899
1912,1899
1913,1899
1914,1899
1915,1899
1916,1899
1917,1899
1918,1899
1919,1899
1920,1899
1921,1899
1922,1899
1923,1899
1924,1899
1925,1899
1926,1899
1927,1899
1928,1899
1929,1899
1930,1899
1931,1899
1932,1899
1933,1899
1934,1899
1935,1899
1936,1899
1937,1899
1938,1899
1939,1899
1940,1899
1941,1899
1942,1899
1943,1899
1944,1899
1945,1899
1946,1899
1947,1899
1948,1899
1949,1899
1950,1899
1951,1899
1952,1899
1953,1899
1954,1899
1955,1899
1956,1899
1957,1899
1958,1899
1959,1899
1960,1899
1961,1899
1962,1899
1963,1899
1964,1899
1965,1899
1966,1899
1967,1899
1968,1899
1969,1899
1970,1899
1971,1899
1972,1899
1973,1899
1974,1899
1975,1899
1976,1899
1977,1899
1978,1899
1979,1899
1980,1899
1981,1899
1982,1899
1983,1899
1984,1899
1985,1899
1986,1899
1987,1899
1988,1899
1989,1899
1990,1899
1991,1899
1992,1899
1993,1899
1994,1899
1995,1899
1996,1899
1997,1899
1998,1899
1999,1999
2000,1999
2001,1999
2002,1999
2003,1999
2004,1999
2005,1999
2006,1999
2007,1999
2008,1999
2009,1999
2010,1999
2011,1999
2012,1999
2013,1999
2014,1999
2015,1999
2016,1999
2017,1999
2018,1999
2019,1999
2020,1999
2021,1999
2022,1999
2023,1999
2024,1999
2025,1999
2026,1999
2027,1999
2028,1999
2029,1999
2030,1999
2031,1999
2032,1999
2033,1999
2034,1999
2035,1999
2036,1999
2037,1999
2038,1999
2039,1999
2040,1999
2041,1999
2042,1999
2043,1999
2044,1999
2045,1999
2046,1999
2047,1999
2048,1999
2049,1999
2050,1999
2051,1999
2052,1999
2053,1999
2054,1999
2055,1999
2056,1999
2057,1999
2058,1999
2059,1999
2060,1999
2061,1999
2062,1999
2063,1999
2064,1999
2065,1999
2066,1999
2067,1999
2068,1999
2069,1999
2070,1999
2071,1999
2072,1999
2073,1999
2074,1999
2075,1999
2076,1999
2077,1999
2078,1999
2079,1999
2080,1999
2081,1999
2082,1999
2083,1999
2084,1999
2085,1999
2086,1999
2087,1999
2088,1999
2089,1999
2090,1999
2091,1999
2092,1999
2093,1999
2094,1999
2095,1999
2096,1999
2097,1999
2098,1999
2099,1999
2100,1999
2101,1999
2102,1999
2103,1999
2104,1999
2105,1999
2106,1999
2107,1999
2108,1999
2109,1999
2110,1999
2111,1999
2112,1999
2113,1999
2114,1999
2115,1999
2116,1999
2117,1999
2118,1999
2119,1999
2120,1999
2121,1999
2122,1999
2123,1999
2124,1999
2125,1999
2126,1999
2127,1999
2128,1999
2129,1999
2130,1999
2131,1999
2132,1999
2133,1999
2134,1999
2135,1999
2136,1999
2137,1999
2138,1999
2139,1999
2140,1999
2141,1999
2142,1999
2143,1999
2144,1999
2145,1999
2146,1999
2147,1999
2148,1999
2149,1999
2150,1999
2151,1999
2152,1999
2153,1999
2154,1999
2155,1999
2156,1999
2157,1999
2158,1999
2159,1999
2160,1999
2161,1999
2162,1999
2163,1999
2164,1999
2165,1999
2166,1999
2167,1999
2168,1999
2169,1999
2170,1999
2171,1999
2172,1999
2173,1999
2174,1999
2175,1999
2176,1999
2177,1999
2178,1999
2179,1999
2180,1999
2181,1999
2182,1999
2183,1999
2184,1999
2185,1999
2186,1999
2187,1999
2188,1999
2189,1999
2190,1999
2191,1999
2192,1999
2193,1999
2194,1999
2195,1999
2196,1999
2197,1999
2198,1999
2199,1999
2200,1999
2201,1999
2202,1999
2203,1999
2204,1999
2205,1999
2206,1999
2207,1999
2208,1999
2209,1999
2210,1999
2211,1999
2212,1999
2213,1999
2214,1999
2215,1999
2216,1999
2217,1999
2218,1999
2219,1999
2220,1999
2221,1999
2222,2222
2223,2223
2224,2224
2225,2225
2226,2226
2227,2227
2228,2228
2229,2229
2230,2229
2231,2229
2232,2229
2233,2233
2234,2234
2235,2235
2236,2236
2237,2237
2238,2238
2239,2239
2240,2239
2241,2239
2242,2239
2243,2239
2244,2244
2245,2245
2246,2246
2247,2247
2248,2248
2249,2249
2250,2249
2251,2249
2252,2249
2253,2249
2254,2249
2255,2255
2256,2256
2257,2257
2258,2258
2259,2259
2260,2259
2261,2259
2262,2259
2263,2259
2264,2259
2265,2259
2266,2266
2267,2267
2268,2268
2269,2269
2270,2269
2271,2269
2272,2269
2273,2269
2274,2269
2275,2269
2276,2269
2277,2277
2278,2278
2279,2279
2280,2279
2281,2279
2282,2279
2283,2279
2284,2279
2285,2279
2286,2279
2287,2279
2288,2288
2289,2289
2290,2289
2291,2289
2292,2289
2293,2289
2294,2289
2295,2289
2296,2289
2297,2289
2298,2289
2299,2299
2300,2299
2301,2299
2302,2299
2303,2299
2304,2299
2305,2299
2306,2299
2307,2299
2308,2299
2309,2299
2310,2299
2311,2299
2312,2299
2313,2299
2314,2299
2315,2299
2316,2299
2317,2299
2318,2299
2319,2299
2320,2299
2321,2299
2322,2299
2323,2299
2324,2299
2325,2299
2326,2299
2327,2299
2328,2299
2329,2299
2330,2299
2331,2299
2332,2299
2333,2333
2334,2334
2335,2335
2336,2336
2337,2337
2338,2338
2339,2339
2340,2339
2341,2339
2342,2339
2343,2339
2344,2344
2345,2345
2346,2346
2347,2347
2348,2348
2349,2349
2350,2349
2351,2349
2352,2349
2353,2349
2354,2349
2355,2355
2356,2356
2357,2357
2358,2358
2359,2359
2360,2359
2361,2359
2362,2359
2363,2359
2364,2359
2365,2359
2366,2366
2367,2367
2368,2368
2369,2369
2370,2369
2371,2369
2372,2369
2373,2369
2374,2369
2375,2369
2376,2369
2377,2377
2378,2378
2379,2379
2380,2379
2381,2379
2382,2379
2383,2379
2384,2379
2385,2379
2386,2379
2387,2379
2388,2388
2389,2389
2390,2389
2391,2389
2392,2389
2393,2389
2394,2389
2395,2389
2396,2389
2397,2389
2398,2389
2399,2399
2400,2399
2401,2399
2402,2399
2403,2399
2404,2399
2405,2399
2406,2399
2407,2399
2408,2399
2409,2399
2410,2399
2411,2399
2412,2399
2413,2399
2414,2399
2415,2399
2416,2399
2417,2399
2418,2399
2419,2399
2420,2399
2421,2399
2422,2399
2423,2399
2424,2399
2425,2399
2426,2399
2427,2399
2428,2399
2429,2399
2430,2399
2431,2399
2432,2399
2433,2399
2434,2399
2435,2399
2436,2399
2437,2399
2438,2399
2439,2399
2440,2399
2441,2399
2442,2399
2443,2399
2444,2444
2445,2445
2446,2446
2447,2447
2448,2448
2449,2449
2450,2449
2451,2449
2452,2449
2453,2449
2454,2449
2455,2455
2456,2456
2457,2457
2458,2458
2459,2459
2460,2459
2461,2459
2462,2459
2463,2459
2464,2459
2465,2459
2466,2466
2467,2467
2468,2468
2469,2469
2470,2469
2471,2469
2472,2469
2473,2469
2474,2469
2475,2469
2476,2469
2477,2477
2478,2478
2479,2479
2480,2479
2481,2479
2482,2479
2483,2479
2484,2479
2485,2479
2486,2479
2487,2479
2488,2488
2489,2489
2490,2489
2491,2489
2492,2489
2493,2489
2494,2489
2495,2489
2496,2489
2497,2489
2498,2489
2499,2499
2500,2499
2501,2499
2502,2499
2503,2499
2504,2499
2505,2499
2506,2499
2507,2499
2508,2499
2509,2499
2510,2499
2511,2499
2512,2499
2513,2499
2514,2499
2515,2499
2516,2499
2517,2499
2518,2499
2519,2499
2520,2499
2521,2499
2522,2499
2523,2499
2524,2499
2525,2499
2526,2499
2527,2499
2528,2499
2529,2499
2530,2499
2531,2499
2532,2499
2533,2499
2534,2499
2535,2499
2536,2499
2537,2499
2538,2499
2539,2499
2540,2499
2541,2499
2542,2499
2543,2499
2544,2499
2545,2499
2546,2499
2547,2499
2548,2499
2549,2499
2550,2499
2551,2499
2552,2499
2553,2499
2554,2499
2555,2555
2556,2556
2557,2557
2558,2558
2559,2559
2560,2559
2561,2559
2562,2559
2563,2559
2564,2559
2565,2559
2566,2566
2567,2567
2568,2568
2569,2569
2570,2569
2571,2569
2572,2569
2573,2569
2574,2569
2575,2569
2576,2569
2577,2577
2578,2578
2579,2579
2580,2579
2581,2579
2582,2579
2583,2579
2584,2579
2585,2579
2586,2579
2587,2579
2588,2588
2589,2589
2590,2589
2591,2589
2592,2589
2593,2589
2594,2589
2595,2589
2596,2589
2597,2589
2598,2589
2599,2599
2600,2599
2601,2599
2602,2599
2603,2599
2604,2599
2605,2599
2606,2599
2607,2599
2608,2599
2609,2599
2610,2599
2611,2599
2612,2599
2613,2599
2614,2599
2615,2599
2616,2599
2617,2599
2618,2599
2619,2599
2620,2599
2621,2599
2622,2599
2623,2599
2624,2599
2625,2599
2626,2599
2627,2599
2628,2599
2629,2599
2630,2599
2631,2599
2632,2599
2633,2599
2634,2599
2635,2599
2636,2599
2637,2599
2638,2599
2639,2599
2640,2599
2641,2599
2642,2599
2643,2599
2644,2599
2645,2599
2646,2599
2647,2599
2648,2599
2649,2599
2650,2599
2651,2599
2652,2599
2653,2599
2654,2599
2655,2599
2656,2599
2657,2599
2658,2599
2659,2599
2660,2599
2661,2599
2662,2599
2663,2599
2664,2599
2665,2599
2666,2666
2667,2667
2668,2668
2669,2669
2670,2669
2671,2669
2672,2669
2673,2669
2674,2669
2675,2669
2676,2669
2677,2677
2678,2678
2679,2679
2680,2679
2681,2679
2682,2679
2683,2679
2684,2679
2685,2679
2686,2679
2687,2679
2688,2688
2689,2689
2690,2689
2691,2689
2692,2689
2693,2689
2694,2689
2695,2689
2696,2689
2697,2689
2698,2689
2699,2699
2700,2699
2701,2699
2702,2699
2703,2699
2704,2699
2705,2699
2706,2699
2707,2699
2708,2699
2709,2699
2710,2699
2711,2699
2712,2699
2713,2699
2714,2699
2715,2699
2716,2699
2717,2699
2718,2699
2719,2699
2720,2699
2721,2699
2722,2699
2723,2699
2724,2699
2725,2699
2726,2699
2727,2699
2728,2699
2729,2699
2730,2699
2731,2699
2732,2699
2733,2699
2734,2699
2735,2699
2736,2699
2737,2699
2738,2699
2739,2699
2740,2699
2741,2699
2742,2699
2743,2699
2744,2699
2745,2699
2746,2699
2747,2699
2748,2699
2749,2699
2750,2699
2751,2699
2752,2699
2753,2699
2754,2699
2755,2699
2756,2699
2757,2699
2758,2699
2759,2699
2760,2699
2761,2699
2762,2699
2763,2699
2764,2699
2765,2699
2766,2699
2767,2699
2768,2699
2769,2699
2770,2699
2771,2699
2772,2699
2773,2699
2774,2699
2775,2699
2776,2699
2777,2777
2778,2778
2779,2779
2780,2779
2781,2779
2782,2779
2783,2779
2784,2779
2785,2779
2786,2779
2787,2779
2788,2788
2789,2789
2790,2789
2791,2789
2792,2789
2793,2789
2794,2789
2795,2789
2796,2789
2797,2789
2798,2789
2799,2799
2800,2799
2801,2799
2802,2799
2803,2799
2804,2799
2805,2799
2806,2799
2807,2799
2808,2799
2809,2799
2810,2799
2811,2799
2812,2799
2813,2799
2814,2799
2815,2799
2816,2799
2817,2799
2818,2799
2819,2799
2820,2799
2821,2799
2822,2799
2823,2799
2824,2799
2825,2799
2826,2799
2827,2799
2828,2799
2829,2799
2830,2799
2831,2799
2832,2799
2833,2799
2834,2799
2835,2799
2836,2799
2837,2799
2838,2799
2839,2799
2840,2799
2841,2799
2842,2799
2843,2799
2844,2799
2845,2799
2846,2799
2847,2799
2848,2799
2849,2799
2850,2799
2851,2799
2852,2799
2853,2799
2854,2799
2855,2799
2856,2799
2857,2799
2858,2799
2859,2799
2860,2799
2861,2799
2862,2799
2863,2799
2864,2799
2865,2799
2866,2799
2867,2799
2868,2799
2869,2799
2870,2799
2871,2799
2872,2799
2873,2799
2874,2799
2875,2799
2876,2799
2877,2799
2878,2799
2879,2799
2880,2799
2881,2799
2882,2799
2883,2799
2884,2799
2885,2799
2886,2799
2887,2799
2888,2888
2889,2889
2890,2889
2891,2889
2892,2889
2893,2889
2894,2889
2895,2889
2896,2889
2897,2889
2898,2889
2899,2899
2900,2899
2901,2899
2902,2899
2903,2899
2904,2899
2905,2899
2906,2899
2907,2899
2908,2899
2909,2899
2910,2899
2911,2899
2912,2899
2913,2899
2914,2899
2915,2899
2916,2899
2917,2899
2918,2899
2919,2899
2920,2899
2921,2899
2922,2899
2923,2899
2924,2899
2925,2899
2926,2899
2927,2899
2928,2899
2929,2899
2930,2899
2931,2899
2932,2899
2933,2899
2934,2899
2935,2899
2936,2899
2937,2899
2938,2899
2939,2899
2940,2899
2941,2899
2942,2899
2943,2899
2944,2899
2945,2899
2946,2899
2947,2899
2948,2899
2949,2899
2950,2899
2951,2899
2952,2899
2953,2899
2954,2899
2955,2899
2956,2899
2957,2899
2958,2899
2959,2899
2960,2899
2961,2899
2962,2899
2963,2899
2964,2899
2965,2899
2966,2899
2967,2899
2968,2899
2969,2899
2970,2899
2971,2899
2972,2899
2973,2899
2974,2899
2975,2899
2976,2899
2977,2899
2978,2899
2979,2899
2980,2899
2981,2899
2982,2899
2983,2899
2984,2899
2985,2899
2986,2899
2987,2899
2988,2899
2989,2899
2990,2899
2991,2899
2992,2899
2993,2899
2994,2899
2995,2899
2996,2899
2997,2899
2998,2899
2999,2999
3000,2999
3001,2999
3002,2999
3003,2999
3004,2999
3005,2999
3006,2999
3007,2999
3008,2999
3009,2999
3010,2999
3011,2999
3012,2999
3013,2999
3014,2999
3015,2999
3016,2999
3017,2999
3018,2999
3019,2999
3020,2999
3021,2999
3022,2999
3023,2999
3024,2999
3025,2999
3026,2999
3027,2999
3028,2999
3029,2999
3030,2999
3031,2999
3032,2999
3033,2999
3034,2999
3035,2999
3036,2999
3037,2999
3038,2999
3039,2999
3040,2999
3041,2999
3042,2999
3043,2999
3044,2999
3045,2999
3046,2999
3047,2999
3048,2999
3049,2999
3050,2999
3051,2999
3052,2999
3053,2999
3054,2999
3055,2999
3056,2999
3057,2999
3058,2999
3059,2999
3060,2999
3061,2999
3062,2999
3063,2999
3064,2999
3065,2999
3066,2999
3067,2999
3068,2999
3069,2999
3070,2999
3071,2999
3072,2999
3073,2999
3074,2999
3075,2999
3076,2999
3077,2999
3078,2999
3079,2999
3080,2999
3081,2999
3082,2999
3083,2999
3084,2999
3085,2999
3086,2999
3087,2999
3088,2999
3089,2999
3090,2999
3091,2999
3092,2999
3093,2999
3094,2999
3095,2999
3096,2999
3097,2999
3098,2999
3099,2999
3100,2999
3101,2999
3102,2999
3103,2999
3104,2999
3105,2999
3106,2999
3107,2999
3108,2999
3109,2999
3110,2999
3111,2999
3112,2999
3113,2999
3114,2999
3115,2999
3116,2999
3117,2999
3118,2999
3119,2999
3120,2999
3121,2999
3122,2999
3123,2999
3124,2999
3125,2999
3126,2999
3127,2999
3128,2999
3129,2999
3130,2999
3131,2999
3132,2999
3133,2999
3134,2999
3135,2999
3136,2999
3137,2999
3138,2999
3139,2999
3140,2999
3141,2999
3142,2999
3143,2999
3144,2999
3145,2999
3146,2999
3147,2999
3148,2999
3149,2999
3150,2999
3151,2999
3152,2999
3153,2999
3154,2999
3155,2999
3156,2999
3157,2999
3158,2999
3159,2999
3160,2999
3161,2999
3162,2999
3163,2999
3164,2999
3165,2999
3166,2999
3167,2999
3168,2999
3169,2999
3170,2999
3171,2999
3172,2999
3173,2999
3174,2999
3175,2999
3176,2999
3177,2999
3178,2999
3179,2999
3180,2999
3181,2999
3182,2999
3183,2999
3184,2999
3185,2999
3186,2999
3187,2999
3188,2999
3189,2999
3190,2999
3191,2999
3192,2999
3193,2999
3194,2999
3195,2999
3196,2999
3197,2999
3198,2999
3199,2999
3200,2999
3201,2999
3202,2999
3203,2999
3204,2999
3205,2999
3206,2999
3207,2999
3208,2999
3209,2999
3210,2999
3211,2999
3212,2999
3213,2999
3214,2999
3215,2999
3216,2999
3217,2999
3218,2999
3219,2999
3220,2999
3221,2999
3222,2999
3223,2999
3224,2999
3225,2999
3226,2999
3227,2999
3228,2999
3229,2999
3230,2999
3231,2999
3232,2999
3233,2999
3234,2999
3235,2999
3236,2999
3237,2999
3238,2999
3239,2999
3240,2999
3241,2999
3242,2999
3243,2999
3244,2999
3245,2999
3246,2999
3247,2999
3248,2999
3249,2999
3250,2999
3251,2999
3252,2999
3253,2999
3254,2999
3255,2999
3256,2999
3257,2999
3258,2999
3259,2999
3260,2999
3261,2999
3262,2999
3263,2999
3264,2999
3265,2999
3266,2999
3267,2999
3268,2999
3269,2999
3270,2999
3271,2999
3272,2999
3273,2999
3274,2999
3275,2999
3276,2999
3277,2999
3278,2999
3279,2999
3280,2999
3281,2999
3282,2999
3283,2999
3284,2999
3285,2999
3286,2999
3287,2999
3288,2999
3289,2999
3290,2999
3291,2999
3292,2999
3293,2999
3294,2999
3295,2999
3296,2999
3297,2999
3298,2999
3299,2999
3300,2999
3301,2999
3302,2999
3303,2999
3304,2999
3305,2999
3306,2999
3307,2999
3308,2999
3309,2999
3310,2999
3311,2999
3312,2999
3313,2999
3314,2999
3315,2999
3316,2999
3317,2999
3318,2999
3319,2999
3320,2999
3321,2999
3322,2999
3323,2999
3324,2999
3325,2999
3326,2999
3327,2999
3328,2999
3329,2999
3330,2999
3331,2999
3332,2999
3333,3333
3334,3334
3335,3335
3336,3336
3337,3337
3338,3338
3339,3339
3340,3339
3341,3339
3342,3339
3343,3339
3344,3344
3345,3345
3346,3346
3347,3347
3348,3348
3349,3349
3350,3349
3351,3349
3352,3349
3353,3349
3354,3349
3355,3355
3356,3356
3357,3357
3358,3358
3359,3359
3360,3359
3361,3359
3362,3359
3363,3359
3364,3359
3365,3359
3366,3366
3367,3367
3368,3368
3369,3369
3370,3369
3371,3369
3372,3369
3373,3369
3374,3369
3375,3369
3376,3369
3377,3377
3378,3378
3379,3379
3380,3379
3381,3379
3382,3379
3383,3379
3384,3379
3385,3379
3386,3379
3387,3379
3388,3388
3389,3389
3390,3389
3391,3389
3392,3389
3393,3389
3394,3389
3395,3389
3396,3389
3397,3389
3398,3389
3399,3399
3400,3399
3401,3399
3402,3399
3403,3399
3404,3399
3405,3399
3406,3399
3407,3399
3408,3399
3409,3399
3410,3399
3411,3399
3412,3399
3413,3399
3414,3399
3415,3399
3416,3399
3417,3399
3418,3399
3419,3399
3420,3399
3421,3399
3422,3399
3423,3399
3424,3399
3425,3399
3426,3399
3427,3399
3428,3399
3429,3399
3430,3399
3431,3399
3432,3399
3433,3399
3434,3399
3435,3399
3436,3399
3437,3399
3438,3399
3439,3399
3440,3399
3441,3399
3442,3399
3443,3399
3444,3444
3445,3445
3446,3446
3447,3447
3448,3448
3449,3449
3450,3449
3451,3449
3452,3449
3453,3449
3454,3449
3455,3455
3456,3456
3457,3457
3458,3458
3459,3459
3460,3459
3461,3459
3462,3459
3463,3459
3464,3459
3465,3459
3466,3466
3467,3467
3468,3468
3469,3469
3470,3469
3471,3469
3472,3469
3473,3469
3474,3469
3475,3469
3476,3469
3477,3477
3478,3478
3479,3479
3480,3479
3481,3479
3482,3479
3483,3479
3484,3479
3485,3479
3486,3479
3487,3479
3488,3488
3489,3489
3490,3489
3491,3489
3492,3489
3493,3489
3494,3489
3495,3489
3496,3489
3497,3489
3498,3489
3499,3499
3500,3499
3501,3499
3502,3499
3503,3499
3504,3499
3505,3499
3506,3499
3507,3499
3508,3499
3509,3499
3510,3499
3511,3499
3512,3499
3513,3499
3514,3499
3515,3499
3516,3499
3517,3499
3518,3499
3519,3499
3520,3499
3521,3499
3522,3499
3523,3499
3524,3499
3525,3499
3526,3499
3527,3499
3528,3499
3529,3499
3530,3499
3531,3499
3532,3499
3533,3499
3534,3499
3535,3499
3536,3499
3537,3499
3538,3499
3539,3499
3540,3499
3541,3499
3542,3499
3543,3499
3544,3499
3545,3499
3546,3499
3547,3499
3548,3499
3549,3499
3550,3499
3551,3499
3552,3499
3553,3499
3554,3499
3555,3555
3556,3556
3557,3557
3558,3558
3559,3559
3560,3559
3561,3559
3562,3559
3563,3559
3564,3559
3565,3559
3566,3566
3567,3567
3568,3568
3569,3569
3570,3569
3571,3569
3572,3569
3573,3569
3574,3569
3575,3569
3576,3569
3577,3577
3578,3578
3579,3579
3580,3579
3581,3579
3582,3579
3583,3579
3584,3579
3585,3579
3586,3579
3587,3579
3588,3588
3589,3589
3590,3589
3591,3589
3592,3589
3593,3589
3594,3589
3595,3589
3596,3589
3597,3589
3598,3589
3599,3599
3600,3599
3601,3599
3602,3599
3603,3599
3604,3599
3605,3599
3606,3599
3607,3599
3608,3599
3609,3599
3610,3599
3611,3599
3612,3599
3613,3599
3614,3599
3615,3599
3616,3599
3617,3599
3618,3599
3619,3599
3620,3599
3621,3599
3622,3599
3623,3599
3624,3599
3625,3599
3626,3599
3627,3599
3628,3599
3629,3599
3630,3599
3631,3599
3632,3599
3633,3599
3634,3599
3635,3599
3636,3599
3637,3599
3638,3599
3639,3599
3640,3599
3641,3599
3642,3599
3643,3599
3644,3599
3645,3599
3646,3599
3647,3599
3648,3599
3649,3599
3650,3599
3651,3599
3652,3599
3653,3599
3654,3599
3655,3599
3656,3599
3657,3599
3658,3599
3659,3599
3660,3599
3661,3599
3662,3599
3663,3599
3664,3599
3665,3599
3666,3666
3667,3667
3668,3668
3669,3669
3670,3669
3671,3669
3672,3669
3673,3669
3674,3669
3675,3669
3676,3669
3677,3677
3678,3678
3679,3679
3680,3679
3681,3679
3682,3679
3683,3679
3684,3679
3685,3679
3686,3679
3687,3679
3688,3688
3689,3689
3690,3689
3691,3689
3692,3689
3693,3689
3694,3689
3695,3689
3696,3689
3697,3689
3698,3689
3699,3699
3700,3699
3701,3699
3702,3699
3703,3699
3704,3699
3705,3699
3706,3699
3707,3699
3708,3699
3709,3699
3710,3699
3711,3699
3712,3699
3713,3699
3714,3699
3715,3699
3716,3699
3717,3699
3718,3699
3719,3699
3720,3699
3721,3699
3722,3699
3723,3699
3724,3699
3725,3699
3726,3699
3727,3699
3728,3699
3729,3699
3730,3699
3731,3699
3732,3699
3733,3699
3734,3699
3735,3699
3736,3699
3737,3699
3738,3699
3739,3699
3740,3699
3741,3699
3742,3699
3743,3699
3744,3699
3745,3699
3746,3699
3747,3699
3748,3699
3749,3699
3750,3699
3751,3699
3752,3699
3753,3699
3754,3699
3755,3699
3756,3699
3757,3699
3758,3699
3759,3699
3760,3699
3761,3699
3762,3699
3763,3699
3764,3699
3765,3699
3766,3699
3767,3699
3768,3699
3769,3699
3770,3699
3771,3699
3772,3699
3773,3699
3774,3699
3775,3699
3776,3699
3777,3777
3778,3778
3779,3779
3780,3779
3781,3779
3782,3779
3783,3779
3784,3779
3785,3779
3786,3779
3787,3779
3788,3788
3789,3789
3790,3789
3791,3789
3792,3789
3793,3789
3794,3789
3795,3789
3796,3789
3797,3789
3798,3789
3799,3799
3800,3799
3801,3799
3802,3799
3803,3799
3804,3799
3805,3799
3806,3799
3807,3799
3808,3799
3809,3799
3810,3799
3811,3799
3812,3799
3813,3799
3814,3799
3815,3799
3816,3799
3817,3799
3818,3799
3819,3799
3820,3799
3821,3799
3822,3799
3823,3799
3824,3799
3825,3799
3826,3799
3827,3799
3828,3799
3829,3799
3830,3799
3831,3799
3832,3799
3833,3799
3834,3799
3835,3799
3836,3799
3837,3799
3838,3799
3839,3799
3840,3799
3841,3799
3842,3799
3843,3799
3844,3799
3845,3799
3846,3799
3847,3799
3848,3799
3849,3799
3850,3799
3851,3799
3852,3799
3853,3799
3854,3799
3855,3799
3856,3799
3857,3799
3858,3799
3859,3799
3860,3799
3861,3799
3862,3799
3863,3799
3864,3799
3865,3799
3866,3799
3867,3799
3868,3799
3869,3799
3870,3799
3871,3799
3872,3799
3873,3799
3874,3799
3875,3799
3876,3799
3877,3799
3878,3799
3879,3799
3880,3799
3881,3799
3882,3799
3883,3799
3884,3799
3885,3799
3886,3799
3887,3799
3888,3888
3889,3889
3890,3889
3891,3889
3892,3889
3893,3889
3894,3889
3895,3889
3896,3889
3897,3889
3898,3889
3899,3899
3900,3899
3901,3899
3902,3899
3903,3899
3904,3899
3905,3899
3906,3899
3907,3899
3908,3899
3909,3899
3910,3899
3911,3899
3912,3899
3913,3899
3914,3899
3915,3899
3916,3899
3917,3899
3918,3899
3919,3899
3920,3899
3921,3899
3922,3899
3923,3899
3924,3899
3925,3899
3926,3899
3927,3899
3928,3899
3929,3899
3930,3899
3931,3899
3932,3899
3933,3899
3934,3899
3935,3899
3936,3899
3937,3899
3938,3899
3939,3899
3940,3899
3941,3899
3942,3899
3943,3899
3944,3899
3945,3899
3946,3899
3947,3899
3948,3899
3949,3899
3950,3899
3951,3899
3952,3899
3953,3899
3954,3899
3955,3899
3956,3899
3957,3899
3958,3899
3959,3899
3960,3899
3961,3899
3962,3899
3963,3899
3964,3899
3965,3899
3966,3899
3967,3899
3968,3899
3969,3899
3970,3899
3971,3899
3972,3899
3973,3899
3974,3899
3975,3899
3976,3899
3977,3899
3978,3899
3979,3899
3980,3899
3981,3899
3982,3899
3983,3899
3984,3899
3985,3899
3986,3899
3987,3899
3988,3899
3989,3899
3990,3899
3991,3899
3992,3899
3993,3899
3994,3899
3995,3899
3996,3899
3997,3899
3998,3899
3999,3999
4000,3999
4001,3999
4002,3999
4003,3999
4004,3999
4005,3999
4006,3999
4007,3999
4008,3999
4009,3999
4010,3999
4011,3999
4012,3999
4013,3999
4014,3999
4015,3999
4016,3999
4017,3999
4018,3999
4019,3999
4020,3999
4021,3999
4022,3999
4023,3999
4024,3999
4025,3999
4026,3999
4027,3999
4028,3999
4029,3999
4030,3999
4031,3999
4032,3999
4033,3999
4034,3999
4035,3999
4036,3999
4037,3999
4038,3999
4039,3999
4040,3999
4041,3999
4042,3999
4043,3999
4044,3999
4045,3999
4046,3999
4047,3999
4048,3999
4049,3999
4050,3999
4051,3999
4052,3999
4053,3999
4054,3999
4055,3999
4056,3999
4057,3999
4058,3999
4059,3999
4060,3999
4061,3999
4062,3999
4063,3999
4064,3999
4065,3999
4066,3999
4067,3999
4068,3999
4069,3999
4070,3999
4071,3999
4072,3999
4073,3999
4074,3999
4075,3999
4076,3999
4077,3999
4078,3999
4079,3999
4080,3999
4081,3999
4082,3999
4083,3999
4084,3999
4085,3999
4086,3999
4087,3999
4088,3999
4089,3999
4090,3999
4091,3999
4092,3999
4093,3999
4094,3999
4095,3999
4096,3999
4097,3999
4098,3999
4099,3999
4100,3999
4101,3999
4102,3999
4103,3999
4104,3999
4105,3999
4106,3999
4107,3999
4108,3999
4109,3999
4110,3999
4111,3999
4112,3999
4113,3999
4114,3999
4115,3999
4116,3999
4117,3999
4118,3999
4119,3999
4120,3999
4121,3999
4122,3999
4123,3999
4124,3999
4125,3999
4126,3999
4127,3999
4128,3999
4129,3999
4130,3999
4131,3999
4132,3999
4133,3999
4134,3999
4135,3999
4136,3999
4137,3999
4138,3999
4139,3999
4140,3999
4141,3999
4142,3999
4143,3999
4144,3999
4145,3999
4146,3999
4147,3999
4148,3999
4149,3999
4150,3999
4151,3999
4152,3999
4153,3999
4154,3999
4155,3999
4156,3999
4157,3999
4158,3999
4159,3999
4160,3999
4161,3999
4162,3999
4163,3999
4164,3999
4165,3999
4166,3999
4167,3999
4168,3999
4169,3999
4170,3999
4171,3999
4172,3999
4173,3999
4174,3999
4175,3999
4176,3999
4177,3999
4178,3999
4179,3999
4180,3999
4181,3999
4182,3999
4183,3999
4184,3999
4185,3999
4186,3999
4187,3999
4188,3999
4189,3999
4190,3999
4191,3999
4192,3999
4193,3999
4194,3999
4195,3999
4196,3999
4197,3999
4198,3999
4199,3999
4200,3999
4201,3999
4202,3999
4203,3999
4204,3999
4205,3999
4206,3999
4207,3999
4208,3999
4209,3999
4210,3999
4211,3999
4212,3999
4213,3999
4214,3999
4215,3999
4216,3999
4217,3999
4218,3999
4219,3999
4220,3999
4221,3999
4222,3999
4223,3999
4224,3999
4225,3999
4226,3999
4227,3999
4228,3999
4229,3999
4230,3999
4231,3999
4232,3999
4233,3999
4234,3999
4235,3999
4236,3999
4237,3999
4238,3999
4239,3999
4240,3999
4241,3999
4242,3999
4243,3999
4244,3999
4245,3999
4246,3999
4247,3999
4248,3999
4249,3999
4250,3999
4251,3999
4252,3999
4253,3999
4254,3999
4255,3999
4256,3999
4257,3999
4258,3999
4259,3999
4260,3999
4261,3999
4262,3999
4263,3999
4264,3999
4265,3999
4266,3999
4267,3999
4268,3999
4269,3999
4270,3999
4271,3999
4272,3999
4273,3999
4274,3999
4275,3999
4276,3999
4277,3999
4278,3999
4279,3999
4280,3999
4281,3999
4282,3999
4283,3999
4284,3999
4285,3999
4286,3999
4287,3999
4288,3999
4289,3999
4290,3999
4291,3999
4292,3999
4293,3999
4294,3999
4295,3999
4296,3999
4297,3999
4298,3999
4299,3999
4300,3999
4301,3999
4302,3999
4303,3999
4304,3999
4305,3999
4306,3999
4307,3999
4308,3999
4309,3999
4310,3999
4311,3999
4312,3999
4313,3999
4314,3999
4315,3999
4316,3999
4317,3999
4318,3999
4319,3999
4320,3999
4321,3999
4322,3999
4323,3999
4324,3999
4325,3999
4326,3999
4327,3999
4328,3999
4329,3999
4330,3999
4331,3999
4332,3999
4333,3999
4334,3999
4335,3999
4336,3999
4337,3999
4338,3999
4339,3999
4340,3999
4341,3999
4342,3999
4343,3999
4344,3999
4345,3999
4346,3999
4347,3999
4348,3999
4349,3999
4350,3999
4351,3999
4352,3999
4353,3999
4354,3999
4355,3999
4356,3999
4357,3999
4358,3999
4359,3999
4360,3999
4361,3999
4362,3999
4363,3999
4364,3999
4365,3999
4366,3999
4367,3999
4368,3999
4369,3999
4370,3999
4371,3999
4372,3999
4373,3999
4374,3999
4375,3999
4376,3999
4377,3999
4378,3999
4379,3999
4380,3999
4381,3999
4382,3999
4383,3999
4384,3999
4385,3999
4386,3999
4387,3999
4388,3999
4389,3999
4390,3999
4391,3999
4392,3999
4393,3999
4394,3999
4395,3999
4396,3999
4397,3999
4398,3999
4399,3999
4400,3999
4401,3999
4402,3999
4403,3999
4404,3999
4405,3999
4406,3999
4407,3999
4408,3999
4409,3999
4410,3999
4411,3999
4412,3999
4413,3999
4414,3999
4415,3999
4416,3999
4417,3999
4418,3999
4419,3999
4420,3999
4421,3999
4422,3999
4423,3999
4424,3999
4425,3999
4426,3999
4427,3999
4428,3999
4429,3999
4430,3999
4431,3999
4432,3999
4433,3999
4434,3999
4435,3999
4436,3999
4437,3999
4438,3999
4439,3999
4440,3999
4441,3999
4442,3999
4443,3999
4444,4444
4445,4445
4446,4446
4447,4447
4448,4448
4449,4449
4450,4449
4451,4449
4452,4449
4453,4449
4454,4449
4455,4455
4456,4456
4457,4457
4458,4458
4459,4459
4460,4459
4461,4459
4462,4459
4463,4459
4464,4459
4465,4459
4466,4466
4467,4467
4468,4468
4469,4469
4470,4469
4471,4469
4472,4469
4473,4469
4474,4469
4475,4469
4476,4469
4477,4477
4478,4478
4479,4479
4480,4479
4481,4479
4482,4479
4483,4479
4484,4479
4485,4479
4486,4479
4487,4479
4488,4488
4489,4489
4490,4489
4491,4489
4492,4489
4493,4489
4494,4489
4495,4489
4496,4489
4497,4489
4498,4489
4499,4499
4500,4499
4501,4499
4502,4499
4503,4499
4504,4499
4505,4499
4506,4499
4507,4499
4508,4499
4509,4499
4510,4499
4511,4499
4512,4499
4513,4499
4514,4499
4515,4499
4516,4499
4517,4499
4518,4499
4519,4499
4520,4499
4521,4499
4522,4499
4523,4499
4524,4499
4525,4499
4526,4499
4527,4499
4528,4499
4529,4499
4530,4499
4531,4499
4532,4499
4533,4499
4534,4499
4535,4499
4536,4499
4537,4499
4538,4499
4539,4499
4540,4499
4541,4499
4542,4499
4543,4499
4544,4499
4545,4499
4546,4499
4547,4499
4548,4499
4549,4499
4550,4499
4551,4499
4552,4499
4553,4499
4554,4499
4555,4555
4556,4556
4557,4557
4558,4558
4559,4559
4560,4559
4561,4559
4562,4559
4563,4559
4564,4559
4565,4559
4566,4566
4567,4567
4568,4568
4569,4569
4570,4569
4571,4569
4572,4569
4573,4569
4574,4569
4575,4569
4576,4569
4577,4577
4578,4578
4579,4579
4580,4579
4581,4579
4582,4579
4583,4579
4584,4579
4585,4579
4586,4579
4587,4579
4588,4588
4589,4589
4590,4589
4591,4589
4592,4589
4593,4589
4594,4589
4595,4589
4596,4589
4597,4589
4598,4589
4599,4599
4600,4599
4601,4599
4602,4599
4603,4599
4604,4599
4605,4599
4606,4599
4607,4599
4608,4599
4609,4599
4610,4599
4611,4599
4612,4599
4613,4599
4614,4599
4615,4599
4616,4599
4617,4599
4618,4599
4619,4599
4620,4599
4621,4599
4622,4599
4623,4599
4624,4599
4625,4599
4626,4599
4627,4599
4628,4599
4629,4599
4630,4599
4631,4599
4632,4599
4633,4599
4634,4599
4635,4599
4636,4599
4637,4599
4638,4599
4639,4599
4640,4599
4641,4599
4642,4599
4643,4599
4644,4599
4645,4599
4646,4599
4647,4599
4648,4599
4649,4599
4650,4599
4651,4599
4652,4599
4653,4599
4654,4599
4655,4599
4656,4599
4657,4599
4658,4599
4659,4599
4660,4599
4661,4599
4662,4599
4663,4599
4664,4599
4665,4599
4666,4666
4667,4667
4668,4668
4669,4669
4670,4669
4671,4669
4672,4669
4673,4669
4674,4669
4675,4669
4676,4669
4677,4677
4678,4678
4679,4679
4680,4679
4681,4679
4682,4679
4683,4679
4684,4679
4685,4679
4686,4679
4687,4679
4688,4688
4689,4689
4690,4689
4691,4689
4692,4689
4693,4689
4694,4689
4695,4689
4696,4689
4697,4689
4698,4689
4699,4699
4700,4699
4701,4699
4702,4699
4703,4699
4704,4699
4705,4699
4706,4699
4707,4699
4708,4699
4709,4699
4710,4699
4711,4699
4712,4699
4713,4699
4714,4699
4715,4699
4716,4699
4717,4699
4718,4699
4719,4699
4720,4699
4721,4699
4722,4699
4723,4699
4724,4699
4725,4699
4726,4699
4727,4699
4728,4699
4729,4699
4730,4699
4731,4699
4732,4699
4733,4699
4734,4699
4735,4699
4736,4699
4737,4699
4738,4699
4739,4699
4740,4699
4741,4699
4742,4699
4743,4699
4744,4699
4745,4699
4746,4699
4747,4699
4748,4699
4749,4699
4750,4699
4751,4699
4752,4699
4753,4699
4754,4699
4755,4699
4756,4699
4757,4699
4758,4699
4759,4699
4760,4699
4761,4699
4762,4699
4763,4699
4764,4699
4765,4699
4766,4699
4767,4699
4768,4699
4769,4699
4770,4699
4771,4699
4772,4699
4773,4699
4774,4699
4775,4699
4776,4699
4777,4777
4778,4778
4779,4779
4780,4779
4781,4779
4782,4779
4783,4779
4784,4779
4785,4779
4786,4779
4787,4779
4788,4788
4789,4789
4790,4789
4791,4789
4792,4789
4793,4789
4794,4789
4795,4789
4796,4789
4797,4789
4798,4789
4799,4799
4800,4799
4801,4799
4802,4799
4803,4799
4804,4799
4805,4799
4806,4799
4807,4799
4808,4799
4809,4799
4810,4799
4811,4799
4812,4799
4813,4799
4814,4799
4815,4799
4816,4799
4817,4799
4818,4799
4819,4799
4820,4799
4821,4799
4822,4799
4823,4799
4824,4799
4825,4799
4826,4799
4827,4799
4828,4799
4829,4799
4830,4799
4831,4799
4832,4799
4833,4799
4834,4799
4835,4799
4836,4799
4837,4799
4838,4799
4839,4799
4840,4799
4841,4799
4842,4799
4843,4799
4844,4799
4845,4799
4846,4799
4847,4799
4848,4799
4849,4799
4850,4799
4851,4799
4852,4799
4853,4799
4854,4799
4855,4799
4856,4799
4857,4799
4858,4799
4859,4799
4860,4799
4861,4799
4862,4799
4863,4799
4864,4799
4865,4799
4866,4799
4867,4799
4868,4799
4869,4799
4870,4799
4871,4799
4872,4799
4873,4799
4874,4799
4875,4799
4876,4799
4877,4799
4878,4799
4879,4799
4880,4799
4881,4799
4882,4799
4883,4799
4884,4799
4885,4799
4886,4799
4887,4799
4888,4888
4889,4889
4890,4889
4891,4889
4892,4889
4893,4889
4894,4889
4895,4889
4896,4889
4897,4889
4898,4889
4899,4899
4900,4899
4901,4899
4902,4899
4903,4899
4904,4899
4905,4899
4906,4899
4907,4899
4908,4899
4909,4899
4910,4899
4911,4899
4912,4899
4913,4899
4914,4899
4915,4899
4916,4899
4917,4899
4918,4899
4919,4899
4920,4899
4921,4899
4922,4899
4923,4899
4924,4899
4925,4899
4926,4899
4927,4899
4928,4899
4929,4899
4930,4899
4931,4899
4932,4899
4933,4899
4934,4899
4935,4899
4936,4899
4937,4899
4938,4899
4939,4899
4940,4899
4941,4899
4942,4899
4943,4899
4944,4899
4945,4899
4946,4899
4947,4899
4948,4899
4949,4899
4950,4899
4951,4899
4952,4899
4953,4899
4954,4899
4955,4899
4956,4899
4957,4899
4958,4899
4959,4899
4960,4899
4961,4899
4962,4899
4963,4899
4964,4899
4965,4899
4966,4899
4967,4899
4968,4899
4969,4899
4970,4899
4971,4899
4972,4899
4973,4899
4974,4899
4975,4899
4976,4899
4977,4899
4978,4899
4979,4899
4980,4899
4981,4899
4982,4899
4983,4899
4984,4899
4985,4899
4986,4899
4987,4899
4988,4899
4989,4899
4990,4899
4991,4899
4992,4899
4993,4899
4994,4899
4995,4899
4996,4899
4997,4899
4998,4899
4999,4999
5000,4999
5001,4999
5002,4999
5003,4999
5004,4999
5005,4999
5006,4999
5007,4999
5008,4999
5009,4999
5010,4999
5011,4999
5012,4999
5013,4999
5014,4999
5015,4999
5016,4999
5017,4999
5018,4999
5019,4999
5020,4999
5021,4999
5022,4999
5023,4999
5024,4999
5025,4999
5026,4999
5027,4999
5028,4999
5029,4999
5030,4999
5031,4999
5032,4999
5033,4999
5034,4999
5035,4999
5036,4999
5037,4999
5038,4999
5039,4999
5040,4999
5041,4999
5042,4999
5043,4999
5044,4999
5045,4999
5046,4999
5047,4999
5048,4999
5049,4999
5050,4999
5051,4999
5052,4999
5053,4999
5054,4999
5055,4999
5056,4999
5057,4999
5058,4999
5059,4999
5060,4999
5061,4999
5062,4999
5063,4999
5064,4999
5065,4999
5066,4999
5067,4999
5068,4999
5069,4999
5070,4999
5071,4999
5072,4999
5073,4999
5074,4999
5075,4999
5076,4999
5077,4999
5078,4999
5079,4999
5080,4999
5081,4999
5082,4999
5083,4999
5084,4999
5085,4999
5086,4999
5087,4999
5088,4999
5089,4999
5090,4999
5091,4999
5092,4999
5093,4999
5094,4999
5095,4999
5096,4999
5097,4999
5098,4999
5099,4999
5100,4999
5101,4999
5102,4999
5103,4999
5104,4999
5105,4999
5106,4999
5107,4999
5108,4999
5109,4999
5110,4999
5111,4999
5112,4999
5113,4999
5114,4999
5115,4999
5116,4999
5117,4999
5118,4999
5119,4999
5120,4999
5121,4999
5122,4999
5123,4999
5124,4999
5125,4999
5126,4999
5127,4999
5128,4999
5129,4999
5130,4999
5131,4999
5132,4999
5133,4999
5134,4999
5135,4999
5136,4999
5137,4999
5138,4999
5139,4999
5140,4999
5141,4999
5142,4999
5143,4999
5144,4999
5145,4999
5146,4999
5147,4999
5148,4999
5149,4999
5150,4999
5151,4999
5152,4999
5153,4999
5154,4999
5155,4999
5156,4999
5157,4999
5158,4999
5159,4999
5160,4999
5161,4999
5162,4999
5163,4999
5164,4999
5165,4999
5166,4999
5167,4999
5168,4999
5169,4999
5170,4999
5171,4999
5172,4999
5173,4999
5174,4999
5175,4999
5176,4999
5177,4999
5178,4999
5179,4999
5180,4999
5181,4999
5182,4999
5183,4999
5184,4999
5185,4999
5186,4999
5187,4999
5188,4999
5189,4999
5190,4999
5191,4999
5192,4999
5193,4999
5194,4999
5195,4999
5196,4999
5197,4999
5198,4999
5199,4999
5200,4999
5201,4999
5202,4999
5203,4999
5204,4999
5205,4999
5206,4999
5207,4999
5208,4999
5209,4999
5210,4999
5211,4999
5212,4999
5213,4999
5214,4999
5215,4999
5216,4999
5217,4999
5218,4999
5219,4999
5220,4999
5221,4999
5222,4999
5223,4999
5224,4999
5225,4999
5226,4999
5227,4999
5228,4999
5229,4999
5230,4999
5231,4999
5232,4999
5233,4999
5234,4999
5235,4999
5236,4999
5237,4999
5238,4999
5239,4999
5240,4999
5241,4999
5242,4999
5243,4999
5244,4999
5245,4999
5246,4999
5247,4999
5248,4999
5249,4999
5250,4999
5251,4999
5252,4999
5253,4999
5254,4999
5255,4999
5256,4999
5257,4999
5258,4999
5259,4999
5260,4999
5261,4999
5262,4999
5263,4999
5264,4999
5265,4999
5266,4999
5267,4999
5268,4999
5269,4999
5270,4999
5271,4999
5272,4999
5273,4999
5274,4999
5275,4999
5276,4999
5277,4999
5278,4999
5279,4999
5280,4999
5281,4999
5282,4999
5283,4999
5284,4999
5285,4999
5286,4999
5287,4999
5288,4999
5289,4999
5290,4999
5291,4999
5292,4999
5293,4999
5294,4999
5295,4999
5296,4999
5297,4999
5298,4999
5299,4999
5300,4999
5301,4999
5302,4999
5303,4999
5304,4999
5305,4999
5306,4999
5307,4999
5308,4999
5309,4999
5310,4999
5311,4999
5312,4999
5313,4999
5314,4999
5315,4999
5316,4999
5317,4999
5318,4999
5319,4999
5320,4999
5321,4999
5322,4999
5323,4999
5324,4999
5325,4999
5326,4999
5327,4999
5328,4999
5329,4999
5330,4999
5331,4999
5332,4999
5333,4999
5334,4999
5335,4999
5336,4999
5337,4999
5338,4999
5339,4999
5340,4999
5341,4999
5342,4999
5343,4999
5344,4999
5345,4999
5346,4999
5347,4999
5348,4999
5349,4999
5350,4999
5351,4999
5352,4999
5353,4999
5354,4999
5355,4999
5356,4999
5357,4999
5358,4999
5359,4999
5360,4999
5361,4999
5362,4999
5363,4999
5364,4999
5365,4999
5366,4999
5367,4999
5368,4999
5369,4999
5370,4999
5371,4999
5372,4999
5373,4999
5374,4999
5375,4999
5376,4999
5377,4999
5378,4999
5379,4999
5380,4999
5381,4999
5382,4999
5383,4999
5384,4999
5385,4999
5386,4999
5387,4999
5388,4999
5389,4999
5390,4999
5391,4999
5392,4999
5393,4999
5394,4999
5395,4999
5396,4999
5397,4999
5398,4999
5399,4999
5400,4999
5401,4999
5402,4999
5403,4999
5404,4999
5405,4999
5406,4999
5407,4999
5408,4999
5409,4999
5410,4999
5411,4999
5412,4999
5413,4999
5414,4999
5415,4999
5416,4999
5417,4999
5418,4999
5419,4999
5420,4999
5421,4999
5422,4999
5423,4999
5424,4999
5425,4999
5426,4999
5427,4999
5428,4999
5429,4999
5430,4999
5431,4999
5432,4999
5433,4999
5434,4999
5435,4999
5436,4999
5437,4999
5438,4999
5439,4999
5440,4999
5441,4999
5442,4999
5443,4999
5444,4999
5445,4999
5446,4999
5447,4999
5448,4999
5449,4999
5450,4999
5451,4999
5452,4999
5453,4999
5454,4999
5455,4999
5456,4999
5457,4999
5458,4999
5459,4999
5460,4999
5461,4999
5462,4999
5463,4999
5464,4999
5465,4999
5466,4999
5467,4999
5468,4999
5469,4999
5470,4999
5471,4999
5472,4999
5473,4999
5474,4999
5475,4999
5476,4999
5477,4999
5478,4999
5479,4999
5480,4999
5481,4999
5482,4999
5483,4999
5484,4999
5485,4999
5486,4999
5487,4999
5488,4999
5489,4999
5490,4999
5491,4999
5492,4999
5493,4999
5494,4999
5495,4999
5496,4999
5497,4999
5498,4999
5499,4999
5500,4999
5501,4999
5502,4999
5503,4999
5504,4999
5505,4999
5506,4999
5507,4999
5508,4999
5509,4999
5510,4999
5511,4999
5512,4999
5513,4999
5514,4999
5515,4999
5516,4999
5517,4999
5518,4999
5519,4999
5520,4999
5521,4999
5522,4999
5523,4999
5524,4999
5525,4999
5526,4999
5527,4999
5528,4999
5529,4999
5530,4999
5531,4999
5532,4999
5533,4999
5534,4999
5535,4999
5536,4999
5537,4999
5538,4999
5539,4999
5540,4999
5541,4999
5542,4999
5543,4999
5544,4999
5545,4999
5546,4999
5547,4999
5548,4999
5549,4999
5550,4999
5551,4999
5552,4999
5553,4999
5554,4999
5555,5555
5556,5556
5557,5557
5558,5558
5559,5559
5560,5559
5561,5559
5562,5559
5563,5559
5564,5559
5565,5559
5566,5566
5567,5567
5568,5568
5569,5569
5570,5569
5571,5569
5572,5569
5573,5569
5574,5569
5575,5569
5576,5569
5577,5577
5578,5578
5579,5579
5580,5579
5581,5579
5582,5579
5583,5579
5584,5579
5585,5579
5586,5579
5587,5579
5588,5588
5589,5589
5590,5589
5591,5589
5592,5589
5593,5589
5594,5589
5595,5589
5596,5589
5597,5589
5598,5589
5599,5599
5600,5599
5601,5599
5602,5599
5603,5599
5604,5599
5605,5599
5606,5599
5607,5599
5608,5599
5609,5599
5610,5599
5611,5599
5612,5599
5613,5599
5614,5599
5615,5599
5616,5599
5617,5599
5618,5599
5619,5599
5620,5599
5621,5599
5622,5599
5623,5599
5624,5599
5625,5599
5626,5599
5627,5599
5628,5599
5629,5599
5630,5599
5631,5599
5632,5599
5633,5599
5634,5599
5635,5599
5636,5599
5637,5599
5638,5599
5639,5599
5640,5599
5641,5599
5642,5599
5643,5599
5644,5599
5645,5599
5646,5599
5647,5599
5648,5599
5649,5599
5650,5599
5651,5599
5652,5599
5653,5599
5654,5599
5655,5599
5656,5599
5657,5599
5658,5599
5659,5599
5660,5599
5661,5599
5662,5599
5663,5599
5664,5599
5665,5599
5666,5666
5667,5667
5668,5668
5669,5669
5670,5669
5671,5669
5672,5669
5673,5669
5674,5669
5675,5669
5676,5669
5677,5677
5678,5678
5679,5679
5680,5679
5681,5679
5682,5679
5683,5679
5684,5679
5685,5679
5686,5679
5687,5679
5688,5688
5689,5689
5690,5689
5691,5689
5692,5689
5693,5689
5694,5689
5695,5689
5696,5689
5697,5689
5698,5689
5699,5699
5700,5699
5701,5699
5702,5699
5703,5699
5704,5699
5705,5699
5706,5699
5707,5699
5708,5699
5709,5699
5710,5699
5711,5699
5712,5699
5713,5699
5714,5699
5715,5699
5716,5699
5717,5699
5718,5699
5719,5699
5720,5699
5721,5699
5722,5699
5723,5699
5724,5699
5725,5699
5726,5699
5727,5699
5728,5699
5729,5699
5730,5699
5731,5699
5732,5699
5733,5699
5734,5699
5735,5699
5736,5699
5737,5699
5738,5699
5739,5699
5740,5699
5741,5699
5742,5699
5743,5699
5744,5699
5745,5699
5746,5699
5747,5699
5748,5699
5749,5699
5750,5699
5751,5699
5752,5699
5753,5699
5754,5699
5755,5699
5756,5699
5757,5699
5758,5699
5759,5699
5760,5699
5761,5699
5762,5699
5763,5699
5764,5699
5765,5699
5766,5699
5767,5699
5768,5699
5769,5699
5770,5699
5771,5699
5772,5699
5773,5699
5774,5699
5775,5699
5776,5699
5777,5777
5778,5778
5779,5779
5780,5779
5781,5779
5782,5779
5783,5779
5784,5779
5785,5779
5786,5779
5787,5779
5788,5788
5789,5789
5790,5789
5791,5789
5792,5789
5793,5789
5794,5789
5795,5789
5796,5789
5797,5789
5798,5789
5799,5799
5800,5799
5801,5799
5802,5799
5803,5799
5804,5799
5805,5799
5806,5799
5807,5799
5808,5799
5809,5799
5810,5799
5811,5799
5812,5799
5813,5799
5814,5799
5815,5799
5816,5799
5817,5799
5818,5799
5819,5799
5820,5799
5821,5799
5822,5799
5823,5799
5824,5799
5825,5799
5826,5799
5827,5799
5828,5799
5829,5799
5830,5799
5831,5799
5832,5799
5833,5799
5834,5799
5835,5799
5836,5799
5837,5799
5838,5799
5839,5799
5840,5799
5841,5799
5842,5799
5843,5799
5844,5799
5845,5799
5846,5799
5847,5799
5848,5799
5849,5799
5850,5799
5851,5799
5852,5799
5853,5799
5854,5799
5855,5799
5856,5799
5857,5799
5858,5799
5859,5799
5860,5799
5861,5799
5862,5799
5863,5799
5864,5799
5865,5799
5866,5799
5867,5799
5868,5799
5869,5799
5870,5799
5871,5799
5872,5799
5873,5799
5874,5799
5875,5799
5876,5799
5877,5799
5878,5799
5879,5799
5880,5799
5881,5799
5882,5799
5883,5799
5884,5799
5885,5799
5886,5799
5887,5799
5888,5888
5889,5889
5890,5889
5891,5889
5892,5889
5893,5889
5894,5889
5895,5889
5896,5889
5897,5889
5898,5889
5899,5899
5900,5899
5901,5899
5902,5899
5903,5899
5904,5899
5905,5899
5906,5899
5907,5899
5908,5899
5909,5899
5910,5899
5911,5899
5912,5899
5913,5899
5914,5899
5915,5899
5916,5899
5917,5899
5918,5899
5919,5899
5920,5899
5921,5899
5922,5899
5923,5899
5924,5899
5925,5899
5926,5899
5927,5899
5928,5899
5929,5899
5930,5899
5931,5899
5932,5899
5933,5899
5934,5899
5935,5899
5936,5899
5937,5899
5938,5899
5939,5899
5940,5899
5941,5899
5942,5899
5943,5899
5944,5899
5945,5899
5946,5899
5947,5899
5948,5899
5949,5899
5950,5899
5951,5899
5952,5899
5953,5899
5954,5899
5955,5899
5956,5899
5957,5899
5958,5899
5959,5899
5960,5899
5961,5899
5962,5899
5963,5899
5964,5899
5965,5899
5966,5899
5967,5899
5968,5899
5969,5899
5970,5899
5971,5899
5972,5899
5973,5899
5974,5899
5975,5899
5976,5899
5977,5899
5978,5899
5979,5899
5980,5899
5981,5899
5982,5899
5983,5899
5984,5899
5985,5899
5986,5899
5987,5899
5988,5899
5989,5899
5990,5899
5991,5899
5992,5899
5993,5899
5994,5899
5995,5899
5996,5899
5997,5899
5998,5899
5999,5999
6000,5999
6001,5999
6002,5999
6003,5999
6004,5999
6005,5999
6006,5999
6007,5999
6008,5999
6009,5999
6010,5999
6011,5999
6012,5999
6013,5999
6014,5999
6015,5999
6016,5999
6017,5999
6018,5999
6019,5999
6020,5999
6021,5999
6022,5999
6023,5999
6024,5999
6025,5999
6026,5999
6027,5999
6028,5999
6029,5999
6030,5999
6031,5999
6032,5999
6033,5999
6034,5999
6035,5999
6036,5999
6037,5999
6038,5999
6039,5999
6040,5999
6041,5999
6042,5999
6043,5999
6044,5999
6045,5999
6046,5999
6047,5999
6048,5999
6049,5999
6050,5999
6051,5999
6052,5999
6053,5999
6054,5999
6055,5999
6056,5999
6057,5999
6058,5999
6059,5999
6060,5999
6061,5999
6062,5999
6063,5999
6064,5999
6065,5999
6066,5999
6067,5999
6068,5999
6069,5999
6070,5999
6071,5999
6072,5999
6073,5999
6074,5999
6075,5999
6076,5999
6077,5999
6078,5999
6079,5999
6080,5999
6081,5999
6082,5999
6083,5999
6084,5999
6085,5999
6086,5999
6087,5999
6088,5999
6089,5999
6090,5999
6091,5999
6092,5999
6093,5999
6094,5999
6095,5999
6096,5999
6097,5999
6098,5999
6099,5999
6100,5999
6101,5999
6102,5999
6103,5999
6104,5999
6105,5999
6106,5999
6107,5999
6108,5999
6109,5999
6110,5999
6111,5999
6112,5999
6113,5999
6114,5999
6115,5999
6116,5999
6117,5999
6118,5999
6119,5999
6120,5999
6121,5999
6122,5999
6123,5999
6124,5999
6125,5999
6126,5999
6127,5999
6128,5999
6129,5999
6130,5999
6131,5999
6132,5999
6133,5999
6134,5999
6135,5999
6136,5999
6137,5999
6138,5999
6139,5999
6140,5999
6141,5999
6142,5999
6143,5999
6144,5999
6145,5999
6146,5999
6147,5999
6148,5999
6149,5999
6150,5999
6151,5999
6152,5999
6153,5999
6154,5999
6155,5999
6156,5999
6157,5999
6158,5999
6159,5999
6160,5999
6161,5999
6162,5999
6163,5999
6164,5999
6165,5999
6166,5999
6167,5999
6168,5999
6169,5999
6170,5999
6171,5999
6172,5999
6173,5999
6174,5999
6175,5999
6176,5999
6177,5999
6178,5999
6179,5999
6180,5999
6181,5999
6182,5999
6183,5999
6184,5999
6185,5999
6186,5999
6187,5999
6188,5999
6189,5999
6190,5999
6191,5999
6192,5999
6193,5999
6194,5999
6195,5999
6196,5999
6197,5999
6198,5999
6199,5999
6200,5999
6201,5999
6202,5999
6203,5999
6204,5999
6205,5999
6206,5999
6207,5999
6208,5999
6209,5999
6210,5999
6211,5999
6212,5999
6213,5999
6214,5999
6215,5999
6216,5999
6217,5999
6218,5999
6219,5999
6220,5999
6221,5999
6222,5999
6223,5999
6224,5999
6225,5999
6226,5999
6227,5999
6228,5999
6229,5999
6230,5999
6231,5999
6232,5999
6233,5999
6234,5999
6235,5999
6236,5999
6237,5999
6238,5999
6239,5999
6240,5999
6241,5999
6242,5999
6243,5999
6244,5999
6245,5999
6246,5999
6247,5999
6248,5999
6249,5999
6250,5999
6251,5999
6252,5999
6253,5999
6254,5999
6255,5999
6256,5999
6257,5999
6258,5999
6259,5999
6260,5999
6261,5999
6262,5999
6263,5999
6264,5999
6265,5999
6266,5999
6267,5999
6268,5999
6269,5999
6270,5999
6271,5999
6272,5999
6273,5999
6274,5999
6275,5999
6276,5999
6277,5999
6278,5999
6279,5999
6280,5999
6281,5999
6282,5999
6283,5999
6284,5999
6285,5999
6286,5999
6287,5999
6288,5999
6289,5999
6290,5999
6291,5999
6292,5999
6293,5999
6294,5999
6295,5999
6296,5999
6297,5999
6298,5999
6299,5999
6300,5999
6301,5999
6302,5999
6303,5999
6304,5999
6305,5999
6306,5999
6307,5999
6308,5999
6309,5999
6310,5999
6311,5999
6312,5999
6313,5999
6314,5999
6315,5999
6316,5999
6317,5999
6318,5999
6319,5999
6320,5999
6321,5999
6322,5999
6323,5999
6324,5999
6325,5999
6326,5999
6327,5999
6328,5999
6329,5999
6330,5999
6331,5999
6332,5999
6333,5999
6334,5999
6335,5999
6336,5999
6337,5999
6338,5999
6339,5999
6340,5999
6341,5999
6342,5999
6343,5999
6344,5999
6345,5999
6346,5999
6347,5999
6348,5999
6349,5999
6350,5999
6351,5999
6352,5999
6353,5999
6354,5999
6355,5999
6356,5999
6357,5999
6358,5999
6359,5999
6360,5999
6361,5999
6362,5999
6363,5999
6364,5999
6365,5999
6366,5999
6367,5999
6368,5999
6369,5999
6370,5999
6371,5999
6372,5999
6373,5999
6374,5999
6375,5999
6376,5999
6377,5999
6378,5999
6379,5999
6380,5999
6381,5999
6382,5999
6383,5999
6384,5999
6385,5999
6386,5999
6387,5999
6388,5999
6389,5999
6390,5999
6391,5999
6392,5999
6393,5999
6394,5999
6395,5999
6396,5999
6397,5999
6398,5999
6399,5999
6400,5999
6401,5999
6402,5999
6403,5999
6404,5999
6405,5999
6406,5999
6407,5999
6408,5999
6409,5999
6410,5999
6411,5999
6412,5999
6413,5999
6414,5999
6415,5999
6416,5999
6417,5999
6418,5999
6419,5999
6420,5999
6421,5999
6422,5999
6423,5999
6424,5999
6425,5999
6426,5999
6427,5999
6428,5999
6429,5999
6430,5999
6431,5999
6432,5999
6433,5999
6434,5999
6435,5999
6436,5999
6437,5999
6438,5999
6439,5999
6440,5999
6441,5999
6442,5999
6443,5999
6444,5999
6445,5999
6446,5999
6447,5999
6448,5999
6449,5999
6450,5999
6451,5999
6452,5999
6453,5999
6454,5999
6455,5999
6456,5999
6457,5999
6458,5999
6459,5999
6460,5999
6461,5999
6462,5999
6463,5999
6464,5999
6465,5999
6466,5999
6467,5999
6468,5999
6469,5999
6470,5999
6471,5999
6472,5999
6473,5999
6474,5999
6475,5999
6476,5999
6477,5999
6478,5999
6479,5999
6480,5999
6481,5999
6482,5999
6483,5999
6484,5999
6485,5999
6486,5999
6487,5999
6488,5999
6489,5999
6490,5999
6491,5999
6492,5999
6493,5999
6494,5999
6495,5999
6496,5999
6497,5999
6498,5999
6499,5999
6500,5999
6501,5999
6502,5999
6503,5999
6504,5999
6505,5999
6506,5999
6507,5999
6508,5999
6509,5999
6510,5999
6511,5999
6512,5999
6513,5999
6514,5999
6515,5999
6516,5999
6517,5999
6518,5999
6519,5999
6520,5999
6521,5999
6522,5999
6523,5999
6524,5999
6525,5999
6526,5999
6527,5999
6528,5999
6529,5999
6530,5999
6531,5999
6532,5999
6533,5999
6534,5999
6535,5999
6536,5999
6537,5999
6538,5999
6539,5999
6540,5999
6541,5999
6542,5999
6543,5999
6544,5999
6545,5999
6546,5999
6547,5999
6548,5999
6549,5999
6550,5999
6551,5999
6552,5999
6553,5999
6554,5999
6555,5999
6556,5999
6557,5999
6558,5999
6559,5999
6560,5999
6561,5999
6562,5999
6563,5999
6564,5999
6565,5999
6566,5999
6567,5999
6568,5999
6569,5999
6570,5999
6571,5999
6572,5999
6573,5999
6574,5999
6575,5999
6576,5999
6577,5999
6578,5999
6579,5999
6580,5999
6581,5999
6582,5999
6583,5999
6584,5999
6585,5999
6586,5999
6587,5999
6588,5999
6589,5999
6590,5999
6591,5999
6592,5999
6593,5999
6594,5999
6595,5999
6596,5999
6597,5999
6598,5999
6599,5999
6600,5999
6601,5999
6602,5999
6603,5999
6604,5999
6605,5999
6606,5999
6607,5999
6608,5999
6609,5999
6610,5999
6611,5999
6612,5999
6613,5999
6614,5999
6615,5999
6616,5999
6617,5999
6618,5999
6619,5999
6620,5999
6621,5999
6622,5999
6623,5999
6624,5999
6625,5999
6626,5999
6627,5999
6628,5999
6629,5999
6630,5999
6631,5999
6632,5999
6633,5999
6634,5999
6635,5999
6636,5999
6637,5999
6638,5999
6639,5999
6640,5999
6641,5999
6642,5999
6643,5999
6644,5999
6645,5999
6646,5999
6647,5999
6648,5999
6649,5999
6650,5999
6651,5999
6652,5999
6653,5999
6654,5999
6655,5999
6656,5999
6657,5999
6658,5999
6659,5999
6660,5999
6661,5999
6662,5999
6663,5999
6664,5999
6665,5999
6666,6666
6667,6667
6668,6668
6669,6669
6670,6669
6671,6669
6672,6669
6673,6669
6674,6669
6675,6669
6676,6669
6677,6677
6678,6678
6679,6679
6680,6679
6681,6679
6682,6679
6683,6679
6684,6679
6685,6679
6686,6679
6687,6679
6688,6688
6689,6689
6690,6689
6691,6689
6692,6689
6693,6689
6694,6689
6695,6689
6696,6689
6697,6689
6698,6689
6699,6699
6700,6699
6701,6699
6702,6699
6703,6699
6704,6699
6705,6699
6706,6699
6707,6699
6708,6699
6709,6699
6710,6699
6711,6699
6712,6699
6713,6699
6714,6699
6715,6699
6716,6699
6717,6699
6718,6699
6719,6699
6720,6699
6721,6699
6722,6699
6723,6699
6724,6699
6725,6699
6726,6699
6727,6699
6728,6699
6729,6699
6730,6699
6731,6699
6732,6699
6733,6699
6734,6699
6735,6699
6736,6699
6737,6699
6738,6699
6739,6699
6740,6699
6741,6699
6742,6699
6743,6699
6744,6699
6745,6699
6746,6699
6747,6699
6748,6699
6749,6699
6750,6699
6751,6699
6752,6699
6753,6699
6754,6699
6755,6699
6756,6699
6757,6699
6758,6699
6759,6699
6760,6699
6761,6699
6762,6699
6763,6699
6764,6699
6765,6699
6766,6699
6767,6699
6768,6699
6769,6699
6770,6699
6771,6699
6772,6699
6773,6699
6774,6699
6775,6699
6776,6699
6777,6777
6778,6778
6779,6779
6780,6779
6781,6779
6782,6779
6783,6779
6784,6779
6785,6779
6786,6779
6787,6779
6788,6788
6789,6789
6790,6789
6791,6789
6792,6789
6793,6789
6794,6789
6795,6789
6796,6789
6797,6789
6798,6789
6799,6799
6800,6799
6801,6799
6802,6799
6803,6799
6804,6799
6805,6799
6806,6799
6807,6799
6808,6799
6809,6799
6810,6799
6811,6799
6812,6799
6813,6799
6814,6799
6815,6799
6816,6799
6817,6799
6818,6799
6819,6799
6820,6799
6821,6799
6822,6799
6823,6799
6824,6799
6825,6799
6826,6799
6827,6799
6828,6799
6829,6799
6830,6799
6831,6799
6832,6799
6833,6799
6834,6799
6835,6799
6836,6799
6837,6799
6838,6799
6839,6799
6840,6799
6841,6799
6842,6799
6843,6799
6844,6799
6845,6799
6846,6799
6847,6799
6848,6799
6849,6799
6850,6799
6851,6799
6852,6799
6853,6799
6854,6799
6855,6799
6856,6799
6857,6799
6858,6799
6859,6799
6860,6799
6861,6799
6862,6799
6863,6799
6864,6799
6865,6799
6866,6799
6867,6799
6868,6799
6869,6799
6870,6799
6871,6799
6872,6799
6873,6799
6874,6799
6875,6799
6876,6799
6877,6799
6878,6799
6879,6799
6880,6799
6881,6799
6882,6799
6883,6799
6884,6799
6885,6799
6886,6799
6887,6799
6888,6888
6889,6889
6890,6889
6891,6889
6892,6889
6893,6889
6894,6889
6895,6889
6896,6889
6897,6889
6898,6889
6899,6899
6900,6899
6901,6899
6902,6899
6903,6899
6904,6899
6905,6899
6906,6899
6907,6899
6908,6899
6909,6899
6910,6899
6911,6899
6912,6899
6913,6899
6914,6899
6915,6899
6916,6899
6917,6899
6918,6899
6919,6899
6920,6899
6921,6899
6922,6899
6923,6899
6924,6899
6925,6899
6926,6899
6927,6899
6928,6899
6929,6899
6930,6899
6931,6899
6932,6899
6933,6899
6934,6899
6935,6899
6936,6899
6937,6899
6938,6899
6939,6899
6940,6899
6941,6899
6942,6899
6943,6899
6944,6899
6945,6899
6946,6899
6947,6899
6948,6899
6949,6899
6950,6899
6951,6899
6952,6899
6953,6899
6954,6899
6955,6899
6956,6899
6957,6899
6958,6899
6959,6899
6960,6899
6961,6899
6962,6899
6963,6899
6964,6899
6965,6899
6966,6899
6967,6899
6968,6899
6969,6899
6970,6899
6971,6899
6972,6899
6973,6899
6974,6899
6975,6899
6976,6899
6977,6899
6978,6899
6979,6899
6980,6899
6981,6899
6982,6899
6983,6899
6984,6899
6985,6899
6986,6899
6987,6899
6988,6899
6989,6899
6990,6899
6991,6899
6992,6899
6993,6899
6994,6899
6995,6899
6996,6899
6997,6899
6998,6899
6999,6999
7000,6999
7001,6999
7002,6999
7003,6999
7004,6999
7005,6999
7006,6999
7007,6999
7008,6999
7009,6999
7010,6999
7011,6999
7012,6999
7013,6999
7014,6999
7015,6999
7016,6999
7017,6999
7018,6999
7019,6999
7020,6999
7021,6999
7022,6999
7023,6999
7024,6999
7025,6999
7026,6999
7027,6999
7028,6999
7029,6999
7030,6999
7031,6999
7032,6999
7033,6999
7034,6999
7035,6999
7036,6999
7037,6999
7038,6999
7039,6999
7040,6999
7041,6999
7042,6999
7043,6999
7044,6999
7045,6999
7046,6999
7047,6999
7048,6999
7049,6999
7050,6999
7051,6999
7052,6999
7053,6999
7054,6999
7055,6999
7056,6999
7057,6999
7058,6999
7059,6999
7060,6999
7061,6999
7062,6999
7063,6999
7064,6999
7065,6999
7066,6999
7067,6999
7068,6999
7069,6999
7070,6999
7071,6999
7072,6999
7073,6999
7074,6999
7075,6999
7076,6999
7077,6999
7078,6999
7079,6999
7080,6999
7081,6999
7082,6999
7083,6999
7084,6999
7085,6999
7086,6999
7087,6999
7088,6999
7089,6999
7090,6999
7091,6999
7092,6999
7093,6999
7094,6999
7095,6999
7096,6999
7097,6999
7098,6999
7099,6999
7100,6999
7101,6999
7102,6999
7103,6999
7104,6999
7105,6999
7106,6999
7107,6999
7108,6999
7109,6999
7110,6999
7111,6999
7112,6999
7113,6999
7114,6999
7115,6999
7116,6999
7117,6999
7118,6999
7119,6999
7120,6999
7121,6999
7122,6999
7123,6999
7124,6999
7125,6999
7126,6999
7127,6999
7128,6999
7129,6999
7130,6999
7131,6999
7132,6999
7133,6999
7134,6999
7135,6999
7136,6999
7137,6999
7138,6999
7139,6999
7140,6999
7141,6999
7142,6999
7143,6999
7144,6999
7145,6999
7146,6999
7147,6999
7148,6999
7149,6999
7150,6999
7151,6999
7152,6999
7153,6999
7154,6999
7155,6999
7156,6999
7157,6999
7158,6999
7159,6999
7160,6999
7161,6999
7162,6999
7163,6999
7164,6999
7165,6999
7166,6999
7167,6999
7168,6999
7169,6999
7170,6999
7171,6999
7172,6999
7173,6999
7174,6999
7175,6999
7176,6999
7177,6999
7178,6999
7179,6999
7180,6999
7181,6999
7182,6999
7183,6999
7184,6999
7185,6999
7186,6999
7187,6999
7188,6999
7189,6999
7190,6999
7191,6999
7192,6999
7193,6999
7194,6999
7195,6999
7196,6999
7197,6999
7198,6999
7199,6999
7200,6999
7201,6999
7202,6999
7203,6999
7204,6999
7205,6999
7206,6999
7207,6999
7208,6999
7209,6999
7210,6999
7211,6999
7212,6999
7213,6999
7214,6999
7215,6999
7216,6999
7217,6999
7218,6999
7219,6999
7220,6999
7221,6999
7222,6999
7223,6999
7224,6999
7225,6999
7226,6999
7227,6999
7228,6999
7229,6999
7230,6999
7231,6999
7232,6999
7233,6999
7234,6999
7235,6999
7236,6999
7237,6999
7238,6999
7239,6999
7240,6999
7241,6999
7242,6999
7243,6999
7244,6999
7245,6999
7246,6999
7247,6999
7248,6999
7249,6999
7250,6999
7251,6999
7252,6999
7253,6999
7254,6999
7255,6999
7256,6999
7257,6999
7258,6999
7259,6999
7260,6999
7261,6999
7262,6999
7263,6999
7264,6999
7265,6999
7266,6999
7267,6999
7268,6999
7269,6999
7270,6999
7271,6999
7272,6999
7273,6999
7274,6999
7275,6999
7276,6999
7277,6999
7278,6999
7279,6999
7280,6999
7281,6999
7282,6999
7283,6999
7284,6999
7285,6999
7286,6999
7287,6999
7288,6999
7289,6999
7290,6999
7291,6999
7292,6999
7293,6999
7294,6999
7295,6999
7296,6999
7297,6999
7298,6999
7299,6999
7300,6999
7301,6999
7302,6999
7303,6999
7304,6999
7305,6999
7306,6999
7307,6999
7308,6999
7309,6999
7310,6999
7311,6999
7312,6999
7313,6999
7314,6999
7315,6999
7316,6999
7317,6999
7318,6999
7319,6999
7320,6999
7321,6999
7322,6999
7323,6999
7324,6999
7325,6999
7326,6999
7327,6999
7328,6999
7329,6999
7330,6999
7331,6999
7332,6999
7333,6999
7334,6999
7335,6999
7336,6999
7337,6999
7338,6999
7339,6999
7340,6999
7341,6999
7342,6999
7343,6999
7344,6999
7345,6999
7346,6999
7347,6999
7348,6999
7349,6999
7350,6999
7351,6999
7352,6999
7353,6999
7354,6999
7355,6999
7356,6999
7357,6999
7358,6999
7359,6999
7360,6999
7361,6999
7362,6999
7363,6999
7364,6999
7365,6999
7366,6999
7367,6999
7368,6999
7369,6999
7370,6999
7371,6999
7372,6999
7373,6999
7374,6999
7375,6999
7376,6999
7377,6999
7378,6999
7379,6999
7380,6999
7381,6999
7382,6999
7383,6999
7384,6999
7385,6999
7386,6999
7387,6999
7388,6999
7389,6999
7390,6999
7391,6999
7392,6999
7393,6999
7394,6999
7395,6999
7396,6999
7397,6999
7398,6999
7399,6999
7400,6999
7401,6999
7402,6999
7403,6999
7404,6999
7405,6999
7406,6999
7407,6999
7408,6999
7409,6999
7410,6999
7411,6999
7412,6999
7413,6999
7414,6999
7415,6999
7416,6999
7417,6999
7418,6999
7419,6999
7420,6999
7421,6999
7422,6999
7423,6999
7424,6999
7425,6999
7426,6999
7427,6999
7428,6999
7429,6999
7430,6999
7431,6999
7432,6999
7433,6999
7434,6999
7435,6999
7436,6999
7437,6999
7438,6999
7439,6999
7440,6999
7441,6999
7442,6999
7443,6999
7444,6999
7445,6999
7446,6999
7447,6999
7448,6999
7449,6999
7450,6999
7451,6999
7452,6999
7453,6999
7454,6999
7455,6999
7456,6999
7457,6999
7458,6999
7459,6999
7460,6999
7461,6999
7462,6999
7463,6999
7464,6999
7465,6999
7466,6999
7467,6999
7468,6999
7469,6999
7470,6999
7471,6999
7472,6999
7473,6999
7474,6999
7475,6999
7476,6999
7477,6999
7478,6999
7479,6999
7480,6999
7481,6999
7482,6999
7483,6999
7484,6999
7485,6999
7486,6999
7487,6999
7488,6999
7489,6999
7490,6999
7491,6999
7492,6999
7493,6999
7494,6999
7495,6999
7496,6999
7497,6999
7498,6999
7499,6999
7500,6999
7501,6999
7502,6999
7503,6999
7504,6999
7505,6999
7506,6999
7507,6999
7508,6999
7509,6999
7510,6999
7511,6999
7512,6999
7513,6999
7514,6999
7515,6999
7516,6999
7517,6999
7518,6999
7519,6999
7520,6999
7521,6999
7522,6999
7523,6999
7524,6999
7525,6999
7526,6999
7527,6999
7528,6999
7529,6999
7530,6999
7531,6999
7532,6999
7533,6999
7534,6999
7535,6999
7536,6999
7537,6999
7538,6999
7539,6999
7540,6999
7541,6999
7542,6999
7543,6999
7544,6999
7545,6999
7546,6999
7547,6999
7548,6999
7549,6999
7550,6999
7551,6999
7552,6999
7553,6999
7554,6999
7555,6999
7556,6999
7557,6999
7558,6999
7559,6999
7560,6999
7561,6999
7562,6999
7563,6999
7564,6999
7565,6999
7566,6999
7567,6999
7568,6999
7569,6999
7570,6999
7571,6999
7572,6999
7573,6999
7574,6999
7575,6999
7576,6999
7577,6999
7578,6999
7579,6999
7580,6999
7581,6999
7582,6999
7583,6999
7584,6999
7585,6999
7586,6999
7587,6999
7588,6999
7589,6999
7590,6999
7591,6999
7592,6999
7593,6999
7594,6999
7595,6999
7596,6999
7597,6999
7598,6999
7599,6999
7600,6999
7601,6999
7602,6999
7603,6999
7604,6999
7605,6999
7606,6999
7607,6999
7608,6999
7609,6999
7610,6999
7611,6999
7612,6999
7613,6999
7614,6999
7615,6999
7616,6999
7617,6999
7618,6999
7619,6999
7620,6999
7621,6999
7622,6999
7623,6999
7624,6999
7625,6999
7626,6999
7627,6999
7628,6999
7629,6999
7630,6999
7631,6999
7632,6999
7633,6999
7634,6999
7635,6999
7636,6999
7637,6999
7638,6999
7639,6999
7640,6999
7641,6999
7642,6999
7643,6999
7644,6999
7645,6999
7646,6999
7647,6999
7648,6999
7649,6999
7650,6999
7651,6999
7652,6999
7653,6999
7654,6999
7655,6999
7656,6999
7657,6999
7658,6999
7659,6999
7660,6999
7661,6999
7662,6999
7663,6999
7664,6999
7665,6999
7666,6999
7667,6999
7668,6999
7669,6999
7670,6999
7671,6999
7672,6999
7673,6999
7674,6999
7675,6999
7676,6999
7677,6999
7678,6999
7679,6999
7680,6999
7681,6999
7682,6999
7683,6999
7684,6999
7685,6999
7686,6999
7687,6999
7688,6999
7689,6999
7690,6999
7691,6999
7692,6999
7693,6999
7694,6999
7695,6999
7696,6999
7697,6999
7698,6999
7699,6999
7700,6999
7701,6999
7702,6999
7703,6999
7704,6999
7705,6999
7706,6999
7707,6999
7708,6999
7709,6999
7710,6999
7711,6999
7712,6999
7713,6999
7714,6999
7715,6999
7716,6999
7717,6999
7718,6999
7719,6999
7720,6999
7721,6999
7722,6999
7723,6999
7724,6999
7725,6999
7726,6999
7727,6999
7728,6999
7729,6999
7730,6999
7731,6999
7732,6999
7733,6999
7734,6999
7735,6999
7736,6999
7737,6999
7738,6999
7739,6999
7740,6999
7741,6999
7742,6999
7743,6999
7744,6999
7745,6999
7746,6999
7747,6999
7748,6999
7749,6999
7750,6999
7751,6999
7752,6999
7753,6999
7754,6999
7755,6999
7756,6999
7757,6999
7758,6999
7759,6999
7760,6999
7761,6999
7762,6999
7763,6999
7764,6999
7765,6999
7766,6999
7767,6999
7768,6999
7769,6999
7770,6999
7771,6999
7772,6999
7773,6999
7774,6999
7775,6999
7776,6999
7777,7777
7778,7778
7779,7779
7780,7779
7781,7779
7782,7779
7783,7779
7784,7779
7785,7779
7786,7779
7787,7779
7788,7788
7789,7789
7790,7789
7791,7789
7792,7789
7793,7789
7794,7789
7795,7789
7796,7789
7797,7789
7798,7789
7799,7799
7800,7799
7801,7799
7802,7799
7803,7799
7804,7799
7805,7799
7806,7799
7807,7799
7808,7799
7809,7799
7810,7799
7811,7799
7812,7799
7813,7799
7814,7799
7815,7799
7816,7799
7817,7799
7818,7799
7819,7799
7820,7799
7821,7799
7822,7799
7823,7799
7824,7799
7825,7799
7826,7799
7827,7799
7828,7799
7829,7799
7830,7799
7831,7799
7832,7799
7833,7799
7834,7799
7835,7799
7836,7799
7837,7799
7838,7799
7839,7799
7840,7799
7841,7799
7842,7799
7843,7799
7844,7799
7845,7799
7846,7799
7847,7799
7848,7799
7849,7799
7850,7799
7851,7799
7852,7799
7853,7799
7854,7799
7855,7799
7856,7799
7857,7799
7858,7799
7859,7799
7860,7799
7861,7799
7862,7799
7863,7799
7864,7799
7865,7799
7866,7799
7867,7799
7868,7799
7869,7799
7870,7799
7871,7799
7872,7799
7873,7799
7874,7799
7875,7799
7876,7799
7877,7799
7878,7799
7879,7799
7880,7799
7881,7799
7882,7799
7883,7799
7884,7799
7885,7799
7886,7799
7887,7799
7888,7888
7889,7889
7890,7889
7891,7889
7892,7889
7893,7889
7894,7889
7895,7889
7896,7889
7897,7889
7898,7889
7899,7899
7900,7899
7901,7899
7902,7899
7903,7899
7904,7899
7905,7899
7906,7899
7907,7899
7908,7899
7909,7899
7910,7899
7911,7899
7912,7899
7913,7899
7914,7899
7915,7899
7916,7899
7917,7899
7918,7899
7919,7899
7920,7899
7921,7899
7922,7899
7923,7899
7924,7899
7925,7899
7926,7899
7927,7899
7928,7899
7929,7899
7930,7899
7931,7899
7932,7899
7933,7899
7934,7899
7935,7899
7936,7899
7937,7899
7938,7899
7939,7899
7940,7899
7941,7899
7942,7899
7943,7899
7944,7899
7945,7899
7946,7899
7947,7899
7948,7899
7949,7899
7950,7899
7951,7899
7952,7899
7953,7899
7954,7899
7955,7899
7956,7899
7957,7899
7958,7899
7959,7899
7960,7899
7961,7899
7962,7899
7963,7899
7964,7899
7965,7899
7966,7899
7967,7899
7968,7899
7969,7899
7970,7899
7971,7899
7972,7899
7973,7899
7974,7899
7975,7899
7976,7899
7977,7899
7978,7899
7979,7899
7980,7899
7981,7899
7982,7899
7983,7899
7984,7899
7985,7899
7986,7899
7987,7899
7988,7899
7989,7899
7990,7899
7991,7899
7992,7899
7993,7899
7994,7899
7995,7899
7996,7899
7997,7899
7998,7899
7999,7999
8000,7999
8001,7999
8002,7999
8003,7999
8004,7999
8005,7999
8006,7999
8007,7999
8008,7999
8009,7999
8010,7999
8011,7999
8012,7999
8013,7999
8014,7999
8015,7999
8016,7999
8017,7999
8018,7999
8019,7999
8020,7999
8021,7999
8022,7999
8023,7999
8024,7999
8025,7999
8026,7999
8027,7999
8028,7999
8029,7999
8030,7999
8031,7999
8032,7999
8033,7999
8034,7999
8035,7999
8036,7999
8037,7999
8038,7999
8039,7999
8040,7999
8041,7999
8042,7999
8043,7999
8044,7999
8045,7999
8046,7999
8047,7999
8048,7999
8049,7999
8050,7999
8051,7999
8052,7999
8053,7999
8054,7999
8055,7999
8056,7999
8057,7999
8058,7999
8059,7999
8060,7999
8061,7999
8062,7999
8063,7999
8064,7999
8065,7999
8066,7999
8067,7999
8068,7999
8069,7999
8070,7999
8071,7999
8072,7999
8073,7999
8074,7999
8075,7999
8076,7999
8077,7999
8078,7999
8079,7999
8080,7999
8081,7999
8082,7999
8083,7999
8084,7999
8085,7999
8086,7999
8087,7999
8088,7999
8089,7999
8090,7999
8091,7999
8092,7999
8093,7999
8094,7999
8095,7999
8096,7999
8097,7999
8098,7999
8099,7999
8100,7999
8101,7999
8102,7999
8103,7999
8104,7999
8105,7999
8106,7999
8107,7999
8108,7999
8109,7999
8110,7999
8111,7999
8112,7999
8113,7999
8114,7999
8115,7999
8116,7999
8117,7999
8118,7999
8119,7999
8120,7999
8121,7999
8122,7999
8123,7999
8124,7999
8125,7999
8126,7999
8127,7999
8128,7999
8129,7999
8130,7999
8131,7999
8132,7999
8133,7999
8134,7999
8135,7999
8136,7999
8137,7999
8138,7999
8139,7999
8140,7999
8141,7999
8142,7999
8143,7999
8144,7999
8145,7999
8146,7999
8147,7999
8148,7999
8149,7999
8150,7999
8151,7999
8152,7999
8153,7999
8154,7999
8155,7999
8156,7999
8157,7999
8158,7999
8159,7999
8160,7999
8161,7999
8162,7999
8163,7999
8164,7999
8165,7999
8166,7999
8167,7999
8168,7999
8169,7999
8170,7999
8171,7999
8172,7999
8173,7999
8174,7999
8175,7999
8176,7999
8177,7999
8178,7999
8179,7999
8180,7999
8181,7999
8182,7999
8183,7999
8184,7999
8185,7999
8186,7999
8187,7999
8188,7999
8189,7999
8190,7999
8191,7999
8192,7999
8193,7999
8194,7999
8195,7999
8196,7999
8197,7999
8198,7999
8199,7999
8200,7999
8201,7999
8202,7999
8203,7999
8204,7999
8205,7999
8206,7999
8207,7999
8208,7999
8209,7999
8210,7999
8211,7999
8212,7999
8213,7999
8214,7999
8215,7999
8216,7999
8217,7999
8218,7999
8219,7999
8220,7999
8221,7999
8222,7999
8223,7999
8224,7999
8225,7999
8226,7999
8227,7999
8228,7999
8229,7999
8230,7999
8231,7999
8232,7999
8233,7999
8234,7999
8235,7999
8236,7999
8237,7999
8238,7999
8239,7999
8240,7999
8241,7999
8242,7999
8243,7999
8244,7999
8245,7999
8246,7999
8247,7999
8248,7999
8249,7999
8250,7999
8251,7999
8252,7999
8253,7999
8254,7999
8255,7999
8256,7999
8257,7999
8258,7999
8259,7999
8260,7999
8261,7999
8262,7999
8263,7999
8264,7999
8265,7999
8266,7999
8267,7999
8268,7999
8269,7999
8270,7999
8271,7999
8272,7999
8273,7999
8274,7999
8275,7999
8276,7999
8277,7999
8278,7999
8279,7999
8280,7999
8281,7999
8282,7999
8283,7999
8284,7999
8285,7999
8286,7999
8287,7999
8288,7999
8289,7999
8290,7999
8291,7999
8292,7999
8293,7999
8294,7999
8295,7999
8296,7999
8297,7999
8298,7999
8299,7999
8300,7999
8301,7999
8302,7999
8303,7999
8304,7999
8305,7999
8306,7999
8307,7999
8308,7999
8309,7999
8310,7999
8311,7999
8312,7999
8313,7999
8314,7999
8315,7999
8316,7999
8317,7999
8318,7999
8319,7999
8320,7999
8321,7999
8322,7999
8323,7999
8324,7999
8325,7999
8326,7999
8327,7999
8328,7999
8329,7999
8330,7999
8331,7999
8332,7999
8333,7999
8334,7999
8335,7999
8336,7999
8337,7999
8338,7999
8339,7999
8340,7999
8341,7999
8342,7999
8343,7999
8344,7999
8345,7999
8346,7999
8347,7999
8348,7999
8349,7999
8350,7999
8351,7999
8352,7999
8353,7999
8354,7999
8355,7999
8356,7999
8357,7999
8358,7999
8359,7999
8360,7999
8361,7999
8362,7999
8363,7999
8364,7999
8365,7999
8366,7999
8367,7999
8368,7999
8369,7999
8370,7999
8371,7999
8372,7999
8373,7999
8374,7999
8375,7999
8376,7999
8377,7999
8378,7999
8379,7999
8380,7999
8381,7999
8382,7999
8383,7999
8384,7999
8385,7999
8386,7999
8387,7999
8388,7999
8389,7999
8390,7999
8391,7999
8392,7999
8393,7999
8394,7999
8395,7999
8396,7999
8397,7999
8398,7999
8399,7999
8400,7999
8401,7999
8402,7999
8403,7999
8404,7999
8405,7999
8406,7999
8407,7999
8408,7999
8409,7999
8410,7999
8411,7999
8412,7999
8413,7999
8414,7999
8415,7999
8416,7999
8417,7999
8418,7999
8419,7999
8420,7999
8421,7999
8422,7999
8423,7999
8424,7999
8425,7999
8426,7999
8427,7999
8428,7999
8429,7999
8430,7999
8431,7999
8432,7999
8433,7999
8434,7999
8435,7999
8436,7999
8437,7999
8438,7999
8439,7999
8440,7999
8441,7999
8442,7999
8443,7999
8444,7999
8445,7999
8446,7999
8447,7999
8448,7999
8449,7999
8450,7999
8451,7999
8452,7999
8453,7999
8454,7999
8455,7999
8456,7999
8457,7999
8458,7999
8459,7999
8460,7999
8461,7999
8462,7999
8463,7999
8464,7999
8465,7999
8466,7999
8467,7999
8468,7999
8469,7999
8470,7999
8471,7999
8472,7999
8473,7999
8474,7999
8475,7999
8476,7999
8477,7999
8478,7999
8479,7999
8480,7999
8481,7999
8482,7999
8483,7999
8484,7999
8485,7999
8486,7999
8487,7999
8488,7999
8489,7999
8490,7999
8491,7999
8492,7999
8493,7999
8494,7999
8495,7999
8496,7999
8497,7999
8498,7999
8499,7999
8500,7999
8501,7999
8502,7999
8503,7999
8504,7999
8505,7999
8506,7999
8507,7999
8508,7999
8509,7999
8510,7999
8511,7999
8512,7999
8513,7999
8514,7999
8515,7999
8516,7999
8517,7999
8518,7999
8519,7999
8520,7999
8521,7999
8522,7999
8523,7999
8524,7999
8525,7999
8526,7999
8527,7999
8528,7999
8529,7999
8530,7999
8531,7999
8532,7999
8533,7999
8534,7999
8535,7999
8536,7999
8537,7999
8538,7999
8539,7999
8540,7999
8541,7999
8542,7999
8543,7999
8544,7999
8545,7999
8546,7999
8547,7999
8548,7999
8549,7999
8550,7999
8551,7999
8552,7999
8553,7999
8554,7999
8555,7999
8556,7999
8557,7999
8558,7999
8559,7999
8560,7999
8561,7999
8562,7999
8563,7999
8564,7999
8565,7999
8566,7999
8567,7999
8568,7999
8569,7999
8570,7999
8571,7999
8572,7999
8573,7999
8574,7999
8575,7999
8576,7999
8577,7999
8578,7999
8579,7999
8580,7999
8581,7999
8582,7999
8583,7999
8584,7999
8585,7999
8586,7999
8587,7999
8588,7999
8589,7999
8590,7999
8591,7999
8592,7999
8593,7999
8594,7999
8595,7999
8596,7999
8597,7999
8598,7999
8599,7999
8600,7999
8601,7999
8602,7999
8603,7999
8604,7999
8605,7999
8606,7999
8607,7999
8608,7999
8609,7999
8610,7999
8611,7999
8612,7999
8613,7999
8614,7999
8615,7999
8616,7999
8617,7999
8618,7999
8619,7999
8620,7999
8621,7999
8622,7999
8623,7999
8624,7999
8625,7999
8626,7999
8627,7999
8628,7999
8629,7999
8630,7999
8631,7999
8632,7999
8633,7999
8634,7999
8635,7999
8636,7999
8637,7999
8638,7999
8639,7999
8640,7999
8641,7999
8642,7999
8643,7999
8644,7999
8645,7999
8646,7999
8647,7999
8648,7999
8649,7999
8650,7999
8651,7999
8652,7999
8653,7999
8654,7999
8655,7999
8656,7999
8657,7999
8658,7999
8659,7999
8660,7999
8661,7999
8662,7999
8663,7999
8664,7999
8665,7999
8666,7999
8667,7999
8668,7999
8669,7999
8670,7999
8671,7999
8672,7999
8673,7999
8674,7999
8675,7999
8676,7999
8677,7999
8678,7999
8679,7999
8680,7999
8681,7999
8682,7999
8683,7999
8684,7999
8685,7999
8686,7999
8687,7999
8688,7999
8689,7999
8690,7999
8691,7999
8692,7999
8693,7999
8694,7999
8695,7999
8696,7999
8697,7999
8698,7999
8699,7999
8700,7999
8701,7999
8702,7999
8703,7999
8704,7999
8705,7999
8706,7999
8707,7999
8708,7999
8709,7999
8710,7999
8711,7999
8712,7999
8713,7999
8714,7999
8715,7999
8716,7999
8717,7999
8718,7999
8719,7999
8720,7999
8721,7999
8722,7999
8723,7999
8724,7999
8725,7999
8726,7999
8727,7999
8728,7999
8729,7999
8730,7999
8731,7999
8732,7999
8733,7999
8734,7999
8735,7999
8736,7999
8737,7999
8738,7999
8739,7999
8740,7999
8741,7999
8742,7999
8743,7999
8744,7999
8745,7999
8746,7999
8747,7999
8748,7999
8749,7999
8750,7999
8751,7999
8752,7999
8753,7999
8754,7999
8755,7999
8756,7999
8757,7999
8758,7999
8759,7999
8760,7999
8761,7999
8762,7999
8763,7999
8764,7999
8765,7999
8766,7999
8767,7999
8768,7999
8769,7999
8770,7999
8771,7999
8772,7999
8773,7999
8774,7999
8775,7999
8776,7999
8777,7999
8778,7999
8779,7999
8780,7999
8781,7999
8782,7999
8783,7999
8784,7999
8785,7999
8786,7999
8787,7999
8788,7999
8789,7999
8790,7999
8791,7999
8792,7999
8793,7999
8794,7999
8795,7999
8796,7999
8797,7999
8798,7999
8799,7999
8800,7999
8801,7999
8802,7999
8803,7999
8804,7999
8805,7999
8806,7999
8807,7999
8808,7999
8809,7999
8810,7999
8811,7999
8812,7999
8813,7999
8814,7999
8815,7999
8816,7999
8817,7999
8818,7999
8819,7999
8820,7999
8821,7999
8822,7999
8823,7999
8824,7999
8825,7999
8826,7999
8827,7999
8828,7999
8829,7999
8830,7999
8831,7999
8832,7999
8833,7999
8834,7999
8835,7999
8836,7999
8837,7999
8838,7999
8839,7999
8840,7999
8841,7999
8842,7999
8843,7999
8844,7999
8845,7999
8846,7999
8847,7999
8848,7999
8849,7999
8850,7999
8851,7999
8852,7999
8853,7999
8854,7999
8855,7999
8856,7999
8857,7999
8858,7999
8859,7999
8860,7999
8861,7999
8862,7999
8863,7999
8864,7999
8865,7999
8866,7999
8867,7999
8868,7999
8869,7999
8870,7999
8871,7999
8872,7999
8873,7999
8874,7999
8875,7999
8876,7999
8877,7999
8878,7999
8879,7999
8880,7999
8881,7999
8882,7999
8883,7999
8884,7999
8885,7999
8886,7999
8887,7999
8888,8888
8889,8889
8890,8889
8891,8889
8892,8889
8893,8889
8894,8889
8895,8889
8896,8889
8897,8889
8898,8889
8899,8899
8900,8899
8901,8899
8902,8899
8903,8899
8904,8899
8905,8899
8906,8899
8907,8899
8908,8899
8909,8899
8910,8899
8911,8899
8912,8899
8913,8899
8914,8899
8915,8899
8916,8899
8917,8899
8918,8899
8919,8899
8920,8899
8921,8899
8922,8899
8923,8899
8924,8899
8925,8899
8926,8899
8927,8899
8928,8899
8929,8899
8930,8899
8931,8899
8932,8899
8933,8899
8934,8899
8935,8899
8936,8899
8937,8899
8938,8899
8939,8899
8940,8899
8941,8899
8942,8899
8943,8899
8944,8899
8945,8899
8946,8899
8947,8899
8948,8899
8949,8899
8950,8899
8951,8899
8952,8899
8953,8899
8954,8899
8955,8899
8956,8899
8957,8899
8958,8899
8959,8899
8960,8899
8961,8899
8962,8899
8963,8899
8964,8899
8965,8899
8966,8899
8967,8899
8968,8899
8969,8899
8970,8899
8971,8899
8972,8899
8973,8899
8974,8899
8975,8899
8976,8899
8977,8899
8978,8899
8979,8899
8980,8899
8981,8899
8982,8899
8983,8899
8984,8899
8985,8899
8986,8899
8987,8899
8988,8899
8989,8899
8990,8899
8991,8899
8992,8899
8993,8899
8994,8899
8995,8899
8996,8899
8997,8899
8998,8899
8999,8999
9000,8999
9001,8999
9002,8999
9003,8999
9004,8999
9005,8999
9006,8999
9007,8999
9008,8999
9009,8999
9010,8999
9011,8999
9012,8999
9013,8999
9014,8999
9015,8999
9016,8999
9017,8999
9018,8999
9019,8999
9020,8999
9021,8999
9022,8999
9023,8999
9024,8999
9025,8999
9026,8999
9027,8999
9028,8999
9029,8999
9030,8999
9031,8999
9032,8999
9033,8999
9034,8999
9035,8999
9036,8999
9037,8999
9038,8999
9039,8999
9040,8999
9041,8999
9042,8999
9043,8999
9044,8999
9045,8999
9046,8999
9047,8999
9048,8999
9049,8999
9050,8999
9051,8999
9052,8999
9053,8999
9054,8999
9055,8999
9056,8999
9057,8999
9058,8999
9059,8999
9060,8999
9061,8999
9062,8999
9063,8999
9064,8999
9065,8999
9066,8999
9067,8999
9068,8999
9069,8999
9070,8999
9071,8999
9072,8999
9073,8999
9074,8999
9075,8999
9076,8999
9077,8999
9078,8999
9079,8999
9080,8999
9081,8999
9082,8999
9083,8999
9084,8999
9085,8999
9086,8999
9087,8999
9088,8999
9089,8999
9090,8999
9091,8999
9092,8999
9093,8999
9094,8999
9095,8999
9096,8999
9097,8999
9098,8999
9099,8999
9100,8999
9101,8999
9102,8999
9103,8999
9104,8999
9105,8999
9106,8999
9107,8999
9108,8999
9109,8999
9110,8999
9111,8999
9112,8999
9113,8999
9114,8999
9115,8999
9116,8999
9117,8999
9118,8999
9119,8999
9120,8999
9121,8999
9122,8999
9123,8999
9124,8999
9125,8999
9126,8999
9127,8999
9128,8999
9129,8999
9130,8999
9131,8999
9132,8999
9133,8999
9134,8999
9135,8999
9136,8999
9137,8999
9138,8999
9139,8999
9140,8999
9141,8999
9142,8999
9143,8999
9144,8999
9145,8999
9146,8999
9147,8999
9148,8999
9149,8999
9150,8999
9151,8999
9152,8999
9153,8999
9154,8999
9155,8999
9156,8999
9157,8999
9158,8999
9159,8999
9160,8999
9161,8999
9162,8999
9163,8999
9164,8999
9165,8999
9166,8999
9167,8999
9168,8999
9169,8999
9170,8999
9171,8999
9172,8999
9173,8999
9174,8999
9175,8999
9176,8999
9177,8999
9178,8999
9179,8999
9180,8999
9181,8999
9182,8999
9183,8999
9184,8999
9185,8999
9186,8999
9187,8999
9188,8999
9189,8999
9190,8999
9191,8999
9192,8999
9193,8999
9194,8999
9195,8999
9196,8999
9197,8999
9198,8999
9199,8999
9200,8999
9201,8999
9202,8999
9203,8999
9204,8999
9205,8999
9206,8999
9207,8999
9208,8999
9209,8999
9210,8999
9211,8999
9212,8999
9213,8999
9214,8999
9215,8999
9216,8999
9217,8999
9218,8999
9219,8999
9220,8999
9221,8999
9222,8999
9223,8999
9224,8999
9225,8999
9226,8999
9227,8999
9228,8999
9229,8999
9230,8999
9231,8999
9232,8999
9233,8999
9234,8999
9235,8999
9236,8999
9237,8999
9238,8999
9239,8999
9240,8999
9241,8999
9242,8999
9243,8999
9244,8999
9245,8999
9246,8999
9247,8999
9248,8999
9249,8999
9250,8999
9251,8999
9252,8999
9253,8999
9254,8999
9255,8999
9256,8999
9257,8999
9258,8999
9259,8999
9260,8999
9261,8999
9262,8999
9263,8999
9264,8999
9265,8999
9266,8999
9267,8999
9268,8999
9269,8999
9270,8999
9271,8999
9272,8999
9273,8999
9274,8999
9275,8999
9276,8999
9277,8999
9278,8999
9279,8999
9280,8999
9281,8999
9282,8999
9283,8999
9284,8999
9285,8999
9286,8999
9287,8999
9288,8999
9289,8999
9290,8999
9291,8999
9292,8999
9293,8999
9294,8999
9295,8999
9296,8999
9297,8999
9298,8999
9299,8999
9300,8999
9301,8999
9302,8999
9303,8999
9304,8999
9305,8999
9306,8999
9307,8999
9308,8999
9309,8999
9310,8999
9311,8999
9312,8999
9313,8999
9314,8999
9315,8999
9316,8999
9317,8999
9318,8999
9319,8999
9320,8999
9321,8999
9322,8999
9323,8999
9324,8999
9325,8999
9326,8999
9327,8999
9328,8999
9329,8999
9330,8999
9331,8999
9332,8999
9333,8999
9334,8999
9335,8999
9336,8999
9337,8999
9338,8999
9339,8999
9340,8999
9341,8999
9342,8999
9343,8999
9344,8999
9345,8999
9346,8999
9347,8999
9348,8999
9349,8999
9350,8999
9351,8999
9352,8999
9353,8999
9354,8999
9355,8999
9356,8999
9357,8999
9358,8999
9359,8999
9360,8999
9361,8999
9362,8999
9363,8999
9364,8999
9365,8999
9366,8999
9367,8999
9368,8999
9369,8999
9370,8999
9371,8999
9372,8999
9373,8999
9374,8999
9375,8999
9376,8999
9377,8999
9378,8999
9379,8999
9380,8999
9381,8999
9382,8999
9383,8999
9384,8999
9385,8999
9386,8999
9387,8999
9388,8999
9389,8999
9390,8999
9391,8999
9392,8999
9393,8999
9394,8999
9395,8999
9396,8999
9397,8999
9398,8999
9399,8999
9400,8999
9401,8999
9402,8999
9403,8999
9404,8999
9405,8999
9406,8999
9407,8999
9408,8999
9409,8999
9410,8999
9411,8999
9412,8999
9413,8999
9414,8999
9415,8999
9416,8999
9417,8999
9418,8999
9419,8999
9420,8999
9421,8999
9422,8999
9423,8999
9424,8999
9425,8999
9426,8999
9427,8999
9428,8999
9429,8999
9430,8999
9431,8999
9432,8999
9433,8999
9434,8999
9435,8999
9436,8999
9437,8999
9438,8999
9439,8999
9440,8999
9441,8999
9442,8999
9443,8999
9444,8999
9445,8999
9446,8999
9447,8999
9448,8999
9449,8999
9450,8999
9451,8999
9452,8999
9453,8999
9454,8999
9455,8999
9456,8999
9457,8999
9458,8999
9459,8999
9460,8999
9461,8999
9462,8999
9463,8999
9464,8999
9465,8999
9466,8999
9467,8999
9468,8999
9469,8999
9470,8999
9471,8999
9472,8999
9473,8999
9474,8999
9475,8999
9476,8999
9477,8999
9478,8999
9479,8999
9480,8999
9481,8999
9482,8999
9483,8999
9484,8999
9485,8999
9486,8999
9487,8999
9488,8999
9489,8999
9490,8999
9491,8999
9492,8999
9493,8999
9494,8999
9495,8999
9496,8999
9497,8999
9498,8999
9499,8999
9500,8999
9501,8999
9502,8999
9503,8999
9504,8999
9505,8999
9506,8999
9507,8999
9508,8999
9509,8999
9510,8999
9511,8999
9512,8999
9513,8999
9514,8999
9515,8999
9516,8999
9517,8999
9518,8999
9519,8999
9520,8999
9521,8999
9522,8999
9523,8999
9524,8999
9525,8999
9526,8999
9527,8999
9528,8999
9529,8999
9530,8999
9531,8999
9532,8999
9533,8999
9534,8999
9535,8999
9536,8999
9537,8999
9538,8999
9539,8999
9540,8999
9541,8999
9542,8999
9543,8999
9544,8999
9545,8999
9546,8999
9547,8999
9548,8999
9549,8999
9550,8999
9551,8999
9552,8999
9553,8999
9554,8999
9555,8999
9556,8999
9557,8999
9558,8999
9559,8999
9560,8999
9561,8999
9562,8999
9563,8999
9564,8999
9565,8999
9566,8999
9567,8999
9568,8999
9569,8999
9570,8999
9571,8999
9572,8999
9573,8999
9574,8999
9575,8999
9576,8999
9577,8999
9578,8999
9579,8999
9580,8999
9581,8999
9582,8999
9583,8999
9584,8999
9585,8999
9586,8999
9587,8999
9588,8999
9589,8999
9590,8999
9591,8999
9592,8999
9593,8999
9594,8999
9595,8999
9596,8999
9597,8999
9598,8999
9599,8999
9600,8999
9601,8999
9602,8999
9603,8999
9604,8999
9605,8999
9606,8999
9607,8999
9608,8999
9609,8999
9610,8999
9611,8999
9612,8999
9613,8999
9614,8999
9615,8999
9616,8999
9617,8999
9618,8999
9619,8999
9620,8999
9621,8999
9622,8999
9623,8999
9624,8999
9625,8999
9626,8999
9627,8999
9628,8999
9629,8999
9630,8999
9631,8999
9632,8999
9633,8999
9634,8999
9635,8999
9636,8999
9637,8999
9638,8999
9639,8999
9640,8999
9641,8999
9642,8999
9643,8999
9644,8999
9645,8999
9646,8999
9647,8999
9648,8999
9649,8999
9650,8999
9651,8999
9652,8999
9653,8999
9654,8999
9655,8999
9656,8999
9657,8999
9658,8999
9659,8999
9660,8999
9661,8999
9662,8999
9663,8999
9664,8999
9665,8999
9666,8999
9667,8999
9668,8999
9669,8999
9670,8999
9671,8999
9672,8999
9673,8999
9674,8999
9675,8999
9676,8999
9677,8999
9678,8999
9679,8999
9680,8999
9681,8999
9682,8999
9683,8999
9684,8999
9685,8999
9686,8999
9687,8999
9688,8999
9689,8999
9690,8999
9691,8999
9692,8999
9693,8999
9694,8999
9695,8999
9696,8999
9697,8999
9698,8999
9699,8999
9700,8999
9701,8999
9702,8999
9703,8999
9704,8999
9705,8999
9706,8999
9707,8999
9708,8999
9709,8999
9710,8999
9711,8999
9712,8999
9713,8999
9714,8999
9715,8999
9716,8999
9717,8999
9718,8999
9719,8999
9720,8999
9721,8999
9722,8999
9723,8999
9724,8999
9725,8999
9726,8999
9727,8999
9728,8999
9729,8999
9730,8999
9731,8999
9732,8999
9733,8999
9734,8999
9735,8999
9736,8999
9737,8999
9738,8999
9739,8999
9740,8999
9741,8999
9742,8999
9743,8999
9744,8999
9745,8999
9746,8999
9747,8999
9748,8999
9749,8999
9750,8999
9751,8999
9752,8999
9753,8999
9754,8999
9755,8999
9756,8999
9757,8999
9758,8999
9759,8999
9760,8999
9761,8999
9762,8999
9763,8999
9764,8999
9765,8999
9766,8999
9767,8999
9768,8999
9769,8999
9770,8999
9771,8999
9772,8999
9773,8999
9774,8999
9775,8999
9776,8999
9777,8999
9778,8999
9779,8999
9780,8999
9781,8999
9782,8999
9783,8999
9784,8999
9785,8999
9786,8999
9787,8999
9788,8999
9789,8999
9790,8999
9791,8999
9792,8999
9793,8999
9794,8999
9795,8999
9796,8999
9797,8999
9798,8999
9799,8999
9800,8999
9801,8999
9802,8999
9803,8999
9804,8999
9805,8999
9806,8999
9807,8999
9808,8999
9809,8999
9810,8999
9811,8999
9812,8999
9813,8999
9814,8999
9815,8999
9816,8999
9817,8999
9818,8999
9819,8999
9820,8999
9821,8999
9822,8999
9823,8999
9824,8999
9825,8999
9826,8999
9827,8999
9828,8999
9829,8999
9830,8999
9831,8999
9832,8999
9833,8999
9834,8999
9835,8999
9836,8999
9837,8999
9838,8999
9839,8999
9840,8999
9841,8999
9842,8999
9843,8999
9844,8999
9845,8999
9846,8999
9847,8999
9848,8999
9849,8999
9850,8999
9851,8999
9852,8999
9853,8999
9854,8999
9855,8999
9856,8999
9857,8999
9858,8999
9859,8999
9860,8999
9861,8999
9862,8999
9863,8999
9864,8999
9865,8999
9866,8999
9867,8999
9868,8999
9869,8999
9870,8999
9871,8999
9872,8999
9873,8999
9874,8999
9875,8999
9876,8999
9877,8999
9878,8999
9879,8999
9880,8999
9881,8999
9882,8999
9883,8999
9884,8999
9885,8999
9886,8999
9887,8999
9888,8999
9889,8999
9890,8999
9891,8999
9892,8999
9893,8999
9894,8999
9895,8999
9896,8999
9897,8999
9898,8999
9899,8999
9900,8999
9901,8999
9902,8999
9903,8999
9904,8999
9905,8999
9906,8999
9907,8999
9908,8999
9909,8999
9910,8999
9911,8999
9912,8999
9913,8999
9914,8999
9915,8999
9916,8999
9917,8999
9918,8999
9919,8999
9920,8999
9921,8999
9922,8999
9923,8999
9924,8999
9925,8999
9926,8999
9927,8999
9928,8999
9929,8999
9930,8999
9931,8999
9932,8999
9933,8999
9934,8999
9935,8999
9936,8999
9937,8999
9938,8999
9939,8999
9940,8999
9941,8999
9942,8999
9943,8999
9944,8999
9945,8999
9946,8999
9947,8999
9948,8999
9949,8999
9950,8999
9951,8999
9952,8999
9953,8999
9954,8999
9955,8999
9956,8999
9957,8999
9958,8999
9959,8999
9960,8999
9961,8999
9962,8999
9963,8999
9964,8999
9965,8999
9966,8999
9967,8999
9968,8999
9969,8999
9970,8999
9971,8999
9972,8999
9973,8999
9974,8999
9975,8999
9976,8999
9977,8999
9978,8999
9979,8999
9980,8999
9981,8999
9982,8999
9983,8999
9984,8999
9985,8999
9986,8999
9987,8999
9988,8999
9989,8999
9990,8999
9991,8999
9992,8999
9993,8999
9994,8999
9995,8999
9996,8999
9997,8999
9998,8999
